"country_name","continent","capital_name","capital_name_pl","capital_name_ru","capital_name_uz","country_name_pl","country_name_ru","country_name_uz","id","created_date","updated_date","created_by_id","created_by","is_sample"
"St. Vincent & Grenadines","North America","Kingstown","Kingstown","Кингстаун","Kingstaun","Saint Vincent i Grenadyny","Сент-Винсент и Гренадины","Sent-Vinsent va Grenadinlar","69ad3b237acbbcf72cee7d96","2026-03-08T09:02:27.070000","2026-07-08T17:59:23.903000","6932c1a5cee41be4b8ef3e6a","mirkhakimadashaliev@gmail.com","false"
"Sierra Leone","Africa","Freetown","Freetown","Фритаун","Fritaun","Sierra Leone","Сьерра-Леоне","Syerra-Leone","69ad3b237acbbcf72cee7d9e","2026-03-08T09:02:27.070000","2026-07-08T17:59:23.903000","6932c1a5cee41be4b8ef3e6a","mirkhakimadashaliev@gmail.com","false"
"Singapore","Asia","Singapore","Singapur","Сингапур","Singapur","Singapur","Сингапур","Singapur","69ad3b237acbbcf72cee7d9f","2026-03-08T09:02:27.070000","2026-07-08T17:59:23.903000","6932c1a5cee41be4b8ef3e6a","mirkhakimadashaliev@gmail.com","false"
"Sri Lanka","Asia","Sri Jayawardenepura Kotte","Sri Dźajawardanapura Kotte","Шри-Джаяварденепура-Котте","Shri-Jayavardenepura-Kotte","Sri Lanka","Шри-Ланка","Shri-Lanka","69ad3b237acbbcf72cee7da8","2026-03-08T09:02:27.070000","2026-07-08T17:59:23.903000","6932c1a5cee41be4b8ef3e6a","mirkhakimadashaliev@gmail.com","false"
"Switzerland","Europe","Bern","Berno","Берн","Bern","Szwajcaria","Швейцария","Shveytsariya","69ad3b237acbbcf72cee7dac","2026-03-08T09:02:27.070000","2026-07-08T17:59:23.903000","6932c1a5cee41be4b8ef3e6a","mirkhakimadashaliev@gmail.com","false"
"United States","North America","Washington, D.C.","Waszyngton","Вашингтон","Vashington","Stany Zjednoczone","Соединённые Штаты Америки","Amerika Qoʻshma Shtatlari","69ad3b237acbbcf72cee7dbe","2026-03-08T09:02:27.070000","2026-07-08T17:59:23.903000","6932c1a5cee41be4b8ef3e6a","mirkhakimadashaliev@gmail.com","false"
"Pakistan","Asia","Islamabad","Islamabad","Исламабад","Islomobod","Pakistan","Пакистан","Pokiston","69ad3b237acbbcf72cee7d86","2026-03-08T09:02:27.070000","2026-07-08T17:59:23.903000","6932c1a5cee41be4b8ef3e6a","mirkhakimadashaliev@gmail.com","false"
"Palestine","Asia","Jerusalem / Ramallah","Jerozolima / Ramallah","Иерусалим / Рамалла","Quddus / Ramalloh","Palestyna","Палестина","Falastin","69ad3b237acbbcf72cee7d88","2026-03-08T09:02:27.070000","2026-07-08T17:59:23.903000","6932c1a5cee41be4b8ef3e6a","mirkhakimadashaliev@gmail.com","false"
"Venezuela","South America","Caracas","Caracas","Каракас","Karakas","Wenezuela","Венесуэла","Venesuela","69ad3b237acbbcf72cee7dc3","2026-03-08T09:02:27.070000","2026-07-08T17:59:23.903000","6932c1a5cee41be4b8ef3e6a","mirkhakimadashaliev@gmail.com","false"
"Paraguay","South America","Asunción","Asunción","Асунсьон","Asunson","Paragwaj","Парагвай","Paragvay","69ad3b237acbbcf72cee7d8b","2026-03-08T09:02:27.070000","2026-07-08T17:59:23.903000","6932c1a5cee41be4b8ef3e6a","mirkhakimadashaliev@gmail.com","false"
"Serbia","Europe","Belgrade","Belgrad","Белград","Belgrad","Serbia","Сербия","Serbiya","69ad3b237acbbcf72cee7d9c","2026-03-08T09:02:27.070000","2026-07-08T17:59:23.903000","6932c1a5cee41be4b8ef3e6a","mirkhakimadashaliev@gmail.com","false"
"Turkey (Türkiye)","Asia","Ankara","Ankara","Анкара","Anqara","Turcja","Турция","Turkiya","69ad3b237acbbcf72cee7db7","2026-03-08T09:02:27.070000","2026-07-08T17:59:23.903000","6932c1a5cee41be4b8ef3e6a","mirkhakimadashaliev@gmail.com","false"
"Papua New Guinea","Oceania","Port Moresby","Port Moresby","Порт-Морсби","Port-Morsbi","Papua-Nowa Gwinea","Папуа — Новая Гвинея","Papua-Yangi Gvineya","69ad3b237acbbcf72cee7d8a","2026-03-08T09:02:27.070000","2026-07-08T17:59:23.903000","6932c1a5cee41be4b8ef3e6a","mirkhakimadashaliev@gmail.com","false"
"São Tomé and Príncipe","Africa","São Tomé","São Tomé","Сан-Томе","San-Tome","Wyspy Świętego Tomasza i Książęca","Сан-Томе и Принсипи","San-Tome va Prinsipi","69ad3b237acbbcf72cee7d99","2026-03-08T09:02:27.070000","2026-07-08T17:59:23.903000","6932c1a5cee41be4b8ef3e6a","mirkhakimadashaliev@gmail.com","false"
"Uruguay","South America","Montevideo","Montevideo","Монтевидео","Montevideo","Urugwaj","Уругвай","Urugvay","69ad3b237acbbcf72cee7dbf","2026-03-08T09:02:27.070000","2026-07-08T17:59:23.903000","6932c1a5cee41be4b8ef3e6a","mirkhakimadashaliev@gmail.com","false"
"Portugal","Europe","Lisbon","Lizbona","Лиссабон","Lissabon","Portugalia","Португалия","Portugaliya","69ad3b237acbbcf72cee7d8f","2026-03-08T09:02:27.070000","2026-07-08T17:59:23.903000","6932c1a5cee41be4b8ef3e6a","mirkhakimadashaliev@gmail.com","false"
"Saint Kitts and Nevis","North America","Basseterre","Basseterre","Бастер","Baster","Saint Kitts i Nevis","Сент-Китс и Невис","Sent-Kits va Nevis","69ad3b237acbbcf72cee7d94","2026-03-08T09:02:27.070000","2026-07-08T17:59:23.903000","6932c1a5cee41be4b8ef3e6a","mirkhakimadashaliev@gmail.com","false"
"Samoa","Oceania","Apia","Apia","Апиа","Apia","Samoa","Самоа","Samoa","69ad3b237acbbcf72cee7d97","2026-03-08T09:02:27.070000","2026-07-08T17:59:23.903000","6932c1a5cee41be4b8ef3e6a","mirkhakimadashaliev@gmail.com","false"
"Seychelles","Africa","Victoria","Victoria","Виктория","Viktoriya","Seszele","Сейшельские Острова","Seyshel orollari","69ad3b237acbbcf72cee7d9d","2026-03-08T09:02:27.070000","2026-07-08T17:59:23.903000","6932c1a5cee41be4b8ef3e6a","mirkhakimadashaliev@gmail.com","false"
"Slovenia","Europe","Ljubljana","Lublana","Любляна","Lyublyana","Słowenia","Словения","Sloveniya","69ad3b237acbbcf72cee7da1","2026-03-08T09:02:27.070000","2026-07-08T17:59:23.903000","6932c1a5cee41be4b8ef3e6a","mirkhakimadashaliev@gmail.com","false"
"Timor-Leste","Asia","Dili","Dili","Дили","Dili","Timor Wschodni","Тимор-Лесте","Timor-Leste","69ad3b237acbbcf72cee7db2","2026-03-08T09:02:27.070000","2026-07-08T17:59:23.903000","6932c1a5cee41be4b8ef3e6a","mirkhakimadashaliev@gmail.com","false"
"Turkmenistan","Asia","Ashgabat","Aszchabad","Ашхабад","Ashxobod","Turkmenistan","Туркменистан","Turkmaniston","69ad3b237acbbcf72cee7db8","2026-03-08T09:02:27.070000","2026-07-08T17:59:23.903000","6932c1a5cee41be4b8ef3e6a","mirkhakimadashaliev@gmail.com","false"
"Zimbabwe","Africa","Harare","Harare","Хараре","Harare","Zimbabwe","Зимбабве","Zimbabve","69ad3b237acbbcf72cee7dc7","2026-03-08T09:02:27.070000","2026-07-08T17:59:23.903000","6932c1a5cee41be4b8ef3e6a","mirkhakimadashaliev@gmail.com","false"
"Senegal","Africa","Dakar","Dakar","Дакар","Dakar","Senegal","Сенегал","Senegal","69ad3b237acbbcf72cee7d9b","2026-03-08T09:02:27.070000","2026-07-08T17:59:23.903000","6932c1a5cee41be4b8ef3e6a","mirkhakimadashaliev@gmail.com","false"
"Tonga","Oceania","Nukuʻalofa","Nukuʻalofa","Нукуалофа","Nukualofa","Tonga","Тонга","Tonga","69ad3b237acbbcf72cee7db4","2026-03-08T09:02:27.070000","2026-07-08T17:59:23.903000","6932c1a5cee41be4b8ef3e6a","mirkhakimadashaliev@gmail.com","false"
"Trinidad and Tobago","North America","Port of Spain","Port-of-Spain","Порт-оф-Спейн","Port-of-Speyn","Trynidad i Tobago","Тринидад и Тобаго","Trinidad va Tobago","69ad3b237acbbcf72cee7db5","2026-03-08T09:02:27.070000","2026-07-08T17:59:23.903000","6932c1a5cee41be4b8ef3e6a","mirkhakimadashaliev@gmail.com","false"
"Ukraine","Europe","Kyiv","Kijów","Киев","Kiyev","Ukraina","Украина","Ukraina","69ad3b237acbbcf72cee7dbb","2026-03-08T09:02:27.070000","2026-07-08T17:59:23.903000","6932c1a5cee41be4b8ef3e6a","mirkhakimadashaliev@gmail.com","false"
"Vanuatu","Oceania","Port Vila","Port Vila","Порт-Вила","Port-Vila","Vanuatu","Вануату","Vanuatu","69ad3b237acbbcf72cee7dc1","2026-03-08T09:02:27.070000","2026-07-08T17:59:23.903000","6932c1a5cee41be4b8ef3e6a","mirkhakimadashaliev@gmail.com","false"
"Vietnam","Asia","Hanoi","Hanoi","Ханой","Xanoy","Wietnam","Вьетнам","Vyetnam","69ad3b237acbbcf72cee7dc4","2026-03-08T09:02:27.070000","2026-07-08T17:59:23.903000","6932c1a5cee41be4b8ef3e6a","mirkhakimadashaliev@gmail.com","false"
"Somalia","Africa","Mogadishu","Mogadiszu","Могадишо","Mogadisho","Somalia","Сомали","Somali","69ad3b237acbbcf72cee7da3","2026-03-08T09:02:27.070000","2026-07-08T17:59:23.903000","6932c1a5cee41be4b8ef3e6a","mirkhakimadashaliev@gmail.com","false"
"South Africa","Africa","Pretoria / Cape Town / Bloemfontein","Pretoria / Kapsztad / Bloemfontein","Претория / Кейптаун / Блумфонтейн","Pretoriya / Keyptaun / Blumfonteyn","Republika Południowej Afryki","ЮАР","Janubiy Afrika Respublikasi","69ad3b237acbbcf72cee7da4","2026-03-08T09:02:27.070000","2026-07-08T17:59:23.903000","6932c1a5cee41be4b8ef3e6a","mirkhakimadashaliev@gmail.com","false"
"United Kingdom","Europe","London","Londyn","Лондон","London","Wielka Brytania","Великобритания","Buyuk Britaniya","69ad3b237acbbcf72cee7dbd","2026-03-08T09:02:27.070000","2026-07-08T17:59:23.903000","6932c1a5cee41be4b8ef3e6a","mirkhakimadashaliev@gmail.com","false"
"Uzbekistan","Asia","Tashkent","Taszkent","Ташкент","Toshkent","Uzbekistan","Узбекистан","Oʻzbekiston","69ad3b237acbbcf72cee7dc0","2026-03-08T09:02:27.070000","2026-07-08T17:59:23.903000","6932c1a5cee41be4b8ef3e6a","mirkhakimadashaliev@gmail.com","false"
"Palau","Oceania","Ngerulmud","Ngerulmud","Нгерулмуд","Ngerulmud","Palau","Палау","Palau","69ad3b237acbbcf72cee7d87","2026-03-08T09:02:27.070000","2026-07-08T17:59:23.903000","6932c1a5cee41be4b8ef3e6a","mirkhakimadashaliev@gmail.com","false"
"Panama","North America","Panama City","Panama","Панама","Panama shahri","Panama","Панама","Panama","69ad3b237acbbcf72cee7d89","2026-03-08T09:02:27.070000","2026-07-08T17:59:23.903000","6932c1a5cee41be4b8ef3e6a","mirkhakimadashaliev@gmail.com","false"
"Tuvalu","Oceania","Funafuti","Funafuti","Фунафути","Funafuti","Tuvalu","Тувалу","Tuvalu","69ad3b237acbbcf72cee7db9","2026-03-08T09:02:27.070000","2026-07-08T17:59:23.903000","6932c1a5cee41be4b8ef3e6a","mirkhakimadashaliev@gmail.com","false"
"Qatar","Asia","Doha","Doha","Доха","Doha","Katar","Катар","Qatar","69ad3b237acbbcf72cee7d90","2026-03-08T09:02:27.070000","2026-07-08T17:59:23.903000","6932c1a5cee41be4b8ef3e6a","mirkhakimadashaliev@gmail.com","false"
"Russia","Asia","Moscow","Moskwa","Москва","Moskva","Rosja","Россия","Rossiya","69ad3b237acbbcf72cee7d92","2026-03-08T09:02:27.070000","2026-07-08T17:59:23.903000","6932c1a5cee41be4b8ef3e6a","mirkhakimadashaliev@gmail.com","false"
"Rwanda","Africa","Kigali","Kigali","Кигали","Kigali","Rwanda","Руанда","Ruanda","69ad3b237acbbcf72cee7d93","2026-03-08T09:02:27.070000","2026-07-08T17:59:23.903000","6932c1a5cee41be4b8ef3e6a","mirkhakimadashaliev@gmail.com","false"
"Solomon Islands","Oceania","Honiara","Honiara","Хониара","Xoniara","Wyspy Salomona","Соломоновы Острова","Solomon orollari","69ad3b237acbbcf72cee7da2","2026-03-08T09:02:27.070000","2026-07-08T17:59:23.903000","6932c1a5cee41be4b8ef3e6a","mirkhakimadashaliev@gmail.com","false"
"Syria","Asia","Damascus","Damaszek","Дамаск","Damashq","Syria","Сирия","Suriya","69ad3b237acbbcf72cee7dad","2026-03-08T09:02:27.070000","2026-07-08T18:00:06.866000","6932c1a5cee41be4b8ef3e6a","mirkhakimadashaliev@gmail.com","false"
"United Arab Emirates","Asia","Abu Dhabi","Abu Zabi","Абу-Даби","Abu-Dabi","Zjednoczone Emiraty Arabskie","Объединенные Арабские Эмираты","Birlashgan Arab Amirliklari","69ad3b237acbbcf72cee7dbc","2026-03-08T09:02:27.070000","2026-07-08T18:00:06.866000","6932c1a5cee41be4b8ef3e6a","mirkhakimadashaliev@gmail.com","false"
"Peru","South America","Lima","Lima","Лима","Lima","Peru","Перу","Peru","69ad3b237acbbcf72cee7d8c","2026-03-08T09:02:27.070000","2026-07-08T18:00:06.866000","6932c1a5cee41be4b8ef3e6a","mirkhakimadashaliev@gmail.com","false"
"South Korea","Asia","Seoul","Seul","Сеул","Seul","Korea Południowa","Южная Корея","Janubiy Koreya","69ad3b237acbbcf72cee7da5","2026-03-08T09:02:27.070000","2026-07-08T18:00:06.866000","6932c1a5cee41be4b8ef3e6a","mirkhakimadashaliev@gmail.com","false"
"Spain","Europe","Madrid","Madryt","Мадрид","Madrid","Hiszpania","Испания","Ispaniya","69ad3b237acbbcf72cee7da7","2026-03-08T09:02:27.070000","2026-07-08T18:00:06.866000","6932c1a5cee41be4b8ef3e6a","mirkhakimadashaliev@gmail.com","false"
"Tunisia","Africa","Tunis","Tunis","Тунис","Tunis","Tunezja","Тунис","Tunis","69ad3b237acbbcf72cee7db6","2026-03-08T09:02:27.070000","2026-07-08T18:00:06.866000","6932c1a5cee41be4b8ef3e6a","mirkhakimadashaliev@gmail.com","false"
"Uganda","Africa","Kampala","Kampala","Кампала","Kampala","Uganda","Уганда","Uganda","69ad3b237acbbcf72cee7dba","2026-03-08T09:02:27.070000","2026-07-08T18:00:06.866000","6932c1a5cee41be4b8ef3e6a","mirkhakimadashaliev@gmail.com","false"
"Philippines","Asia","Manila","Manila","Манила","Manila","Filipiny","Филиппины","Filippin","69ad3b237acbbcf72cee7d8d","2026-03-08T09:02:27.070000","2026-07-08T18:00:06.866000","6932c1a5cee41be4b8ef3e6a","mirkhakimadashaliev@gmail.com","false"
"Yemen","Asia","Sana'a","Sana","Сана","Sano","Jemen","Йемен","Yaman","69ad3b237acbbcf72cee7dc5","2026-03-08T09:02:27.070000","2026-07-08T18:00:06.866000","6932c1a5cee41be4b8ef3e6a","mirkhakimadashaliev@gmail.com","false"
"Zambia","Africa","Lusaka","Lusaka","Лусака","Lusaka","Zambia","Замбия","Zambiya","69ad3b237acbbcf72cee7dc6","2026-03-08T09:02:27.070000","2026-07-08T18:00:06.866000","6932c1a5cee41be4b8ef3e6a","mirkhakimadashaliev@gmail.com","false"
"Romania","Europe","Bucharest","Bukareszt","Бухарест","Buxarest","Rumunia","Румыния","Ruminiya","69ad3b237acbbcf72cee7d91","2026-03-08T09:02:27.070000","2026-07-08T18:00:06.866000","6932c1a5cee41be4b8ef3e6a","mirkhakimadashaliev@gmail.com","false"
"San Marino","Europe","San Marino","San Marino","Сан-Марино","San-Marino","San Marino","Сан-Марино","San-Marino","69ad3b237acbbcf72cee7d98","2026-03-08T09:02:27.070000","2026-07-08T18:00:06.866000","6932c1a5cee41be4b8ef3e6a","mirkhakimadashaliev@gmail.com","false"
"Saudi Arabia","Asia","Riyadh","Rijad","Эр-Рияд","Ar-Riyod","Arabia Saudyjska","Саудовская Аравия","Saudiya Arabistoni","69ad3b237acbbcf72cee7d9a","2026-03-08T09:02:27.070000","2026-07-08T18:00:06.866000","6932c1a5cee41be4b8ef3e6a","mirkhakimadashaliev@gmail.com","false"
"Slovakia","Europe","Bratislava","Bratysława","Братислава","Bratislava","Słowacja","Словакия","Slovakiya","69ad3b237acbbcf72cee7da0","2026-03-08T09:02:27.070000","2026-07-08T18:00:06.866000","6932c1a5cee41be4b8ef3e6a","mirkhakimadashaliev@gmail.com","false"
"Tanzania","Africa","Dodoma","Dodoma","Додома","Dodoma","Tanzania","Танзания","Tanzaniya","69ad3b237acbbcf72cee7db0","2026-03-08T09:02:27.070000","2026-07-08T18:00:06.866000","6932c1a5cee41be4b8ef3e6a","mirkhakimadashaliev@gmail.com","false"
"Vatican City","Europe","Vatican City","Watykan","Ватикан","Vatikan","Watykan","Ватикан","Vatikan","69ad3b237acbbcf72cee7dc2","2026-03-08T09:02:27.070000","2026-07-08T18:00:06.866000","6932c1a5cee41be4b8ef3e6a","mirkhakimadashaliev@gmail.com","false"
"South Sudan","Africa","Juba","Dżuba","Джуба","Juba","Sudan Południowy","Южный Судан","Janubiy Sudan","69ad3b237acbbcf72cee7da6","2026-03-08T09:02:27.070000","2026-07-08T18:00:06.866000","6932c1a5cee41be4b8ef3e6a","mirkhakimadashaliev@gmail.com","false"
"Poland","Europe","Warsaw","Warszawa","Варшава","Varshava","Polska","Польша","Polsha","69ad3b237acbbcf72cee7d8e","2026-03-08T09:02:27.070000","2026-07-08T18:00:06.866000","6932c1a5cee41be4b8ef3e6a","mirkhakimadashaliev@gmail.com","false"
"Sudan","Africa","Khartoum","Chartum","Хартум","Xartum","Sudan","Судан","Sudan","69ad3b237acbbcf72cee7da9","2026-03-08T09:02:27.070000","2026-07-08T18:00:06.866000","6932c1a5cee41be4b8ef3e6a","mirkhakimadashaliev@gmail.com","false"
"Thailand","Asia","Bangkok","Bangkok","Бангкок","Bangkok","Tajlandia","Таиланд","Tailand","69ad3b237acbbcf72cee7db1","2026-03-08T09:02:27.070000","2026-07-08T18:00:06.866000","6932c1a5cee41be4b8ef3e6a","mirkhakimadashaliev@gmail.com","false"
"Togo","Africa","Lomé","Lomé","Ломе","Lome","Togo","Того","Togo","69ad3b237acbbcf72cee7db3","2026-03-08T09:02:27.070000","2026-07-08T18:00:06.866000","6932c1a5cee41be4b8ef3e6a","mirkhakimadashaliev@gmail.com","false"
"Saint Lucia","North America","Castries","Castries","Кастри","Kastri","Saint Lucia","Сент-Люсия","Sent-Lyusiya","69ad3b237acbbcf72cee7d95","2026-03-08T09:02:27.070000","2026-07-08T18:00:06.866000","6932c1a5cee41be4b8ef3e6a","mirkhakimadashaliev@gmail.com","false"
"Suriname","South America","Paramaribo","Paramaribo","Парамарибо","Paramaribo","Surinam","Суринам","Surinam","69ad3b237acbbcf72cee7daa","2026-03-08T09:02:27.070000","2026-07-08T18:00:06.866000","6932c1a5cee41be4b8ef3e6a","mirkhakimadashaliev@gmail.com","false"
"Sweden","Europe","Stockholm","Sztokholm","Стокгольм","Stokgolm","Szwecja","Швеция","Shvetsiya","69ad3b237acbbcf72cee7dab","2026-03-08T09:02:27.070000","2026-07-08T18:00:06.866000","6932c1a5cee41be4b8ef3e6a","mirkhakimadashaliev@gmail.com","false"
"Taiwan","Asia","Taipei","Tajpej","Тайбэй","Taypey","Tajwan","Тайвань","Tayvan","69ad3b237acbbcf72cee7dae","2026-03-08T09:02:27.070000","2026-07-08T18:00:06.866000","6932c1a5cee41be4b8ef3e6a","mirkhakimadashaliev@gmail.com","false"
"Tajikistan","Asia","Dushanbe","Duszanbe","Душанбе","Dushanbe","Tadżykistan","Таджикистан","Tojikiston","69ad3b237acbbcf72cee7daf","2026-03-08T09:02:27.070000","2026-07-08T18:00:06.866000","6932c1a5cee41be4b8ef3e6a","mirkhakimadashaliev@gmail.com","false"
"Denmark","Europe","Copenhagen","Kopenhaga","Копенгаген","Kopengagen","Dania","Дания","Daniya","69ad3b237acbbcf72cee7d32","2026-03-08T09:02:27.069000","2026-07-08T18:00:06.866000","6932c1a5cee41be4b8ef3e6a","mirkhakimadashaliev@gmail.com","false"
"Djibouti","Africa","Djibouti","Dżibuti","Джибути","Jibuti","Dżibuti","Джибути","Jibuti","69ad3b237acbbcf72cee7d33","2026-03-08T09:02:27.069000","2026-07-08T18:00:06.866000","6932c1a5cee41be4b8ef3e6a","mirkhakimadashaliev@gmail.com","false"
"Eswatini","Africa","Mbabane","Mbabane","Мбабане","Mbabane","Eswatini","Эсватини","Esvatini","69ad3b237acbbcf72cee7d3c","2026-03-08T09:02:27.069000","2026-07-08T18:00:06.866000","6932c1a5cee41be4b8ef3e6a","mirkhakimadashaliev@gmail.com","false"
"Gabon","Africa","Libreville","Libreville","Либревиль","Librevil","Gabon","Габон","Gabon","69ad3b237acbbcf72cee7d41","2026-03-08T09:02:27.069000","2026-07-08T18:00:06.866000","6932c1a5cee41be4b8ef3e6a","mirkhakimadashaliev@gmail.com","false"
"Hungary","Europe","Budapest","Budapeszt","Будапешт","Budapesht","Węgry","Венгрия","Vengriya","69ad3b237acbbcf72cee7d4e","2026-03-08T09:02:27.069000","2026-07-08T18:00:06.866000","6932c1a5cee41be4b8ef3e6a","mirkhakimadashaliev@gmail.com","false"
"Montenegro","Europe","Podgorica","Podgorica","Подгорица","Podgoritsa","Czarnogóra","Черногория","Chernogoriya","69ad3b237acbbcf72cee7d76","2026-03-08T09:02:27.069000","2026-07-08T18:00:06.866000","6932c1a5cee41be4b8ef3e6a","mirkhakimadashaliev@gmail.com","false"
"Congo, Dem. Rep.","Africa","Kinshasa","Kinszasa","Киншаса","Kinshasa","Demokratyczna Republika Konga","Демократическая Республика Конго","Kongo Demokratik Respublikasi","69ad3b237acbbcf72cee7d2a","2026-03-08T09:02:27.069000","2026-07-08T18:00:06.866000","6932c1a5cee41be4b8ef3e6a","mirkhakimadashaliev@gmail.com","false"
"Eritrea","Africa","Asmara","Asmara","Асмэра","Asmara","Erytrea","Эритрея","Eritreya","69ad3b237acbbcf72cee7d3a","2026-03-08T09:02:27.069000","2026-07-08T18:00:06.866000","6932c1a5cee41be4b8ef3e6a","mirkhakimadashaliev@gmail.com","false"
"Gambia","Africa","Banjul","Bandżul","Банжул","Banjul","Gambia","Гамбия","Gambiya","69ad3b237acbbcf72cee7d42","2026-03-08T09:02:27.069000","2026-07-08T18:00:06.866000","6932c1a5cee41be4b8ef3e6a","mirkhakimadashaliev@gmail.com","false"
"Liechtenstein","Europe","Vaduz","Vaduz","Вадуц","Vaduts","Liechtenstein","Лихтенштейн","Lixtenshteyn","69ad3b237acbbcf72cee7d65","2026-03-08T09:02:27.069000","2026-07-08T18:00:06.866000","6932c1a5cee41be4b8ef3e6a","mirkhakimadashaliev@gmail.com","false"
"Mauritius","Africa","Port Louis","Port Louis","Порт-Луи","Port-Lui","Mauritius","Маврикий","Mavrikiy","69ad3b237acbbcf72cee7d70","2026-03-08T09:02:27.069000","2026-07-08T18:00:06.866000","6932c1a5cee41be4b8ef3e6a","mirkhakimadashaliev@gmail.com","false"
"Myanmar","Asia","Naypyidaw","Naypyidaw","Нейпьидо","Naypyido","Mjanma","Мьянма","Myanma","69ad3b237acbbcf72cee7d79","2026-03-08T09:02:27.069000","2026-07-08T18:00:06.866000","6932c1a5cee41be4b8ef3e6a","mirkhakimadashaliev@gmail.com","false"
"Netherlands","Europe","Amsterdam","Amsterdam","Амстердам","Amsterdam","Holandia","Нидерланды","Niderlandiya","69ad3b237acbbcf72cee7d7d","2026-03-08T09:02:27.069000","2026-07-08T18:00:06.866000","6932c1a5cee41be4b8ef3e6a","mirkhakimadashaliev@gmail.com","false"
"Burundi","Africa","Gitega","Gitega","Гитега","Gitega","Burundi","Бурунди","Burundi","69ad3b237acbbcf72cee7d1f","2026-03-08T09:02:27.069000","2026-07-08T18:00:06.866000","6932c1a5cee41be4b8ef3e6a","mirkhakimadashaliev@gmail.com","false"
"Cyprus","Asia","Nicosia","Nikozja","Никосия","Nikosiya","Cypr","Кипр","Kipr","69ad3b237acbbcf72cee7d30","2026-03-08T09:02:27.069000","2026-07-08T18:00:48.369000","6932c1a5cee41be4b8ef3e6a","mirkhakimadashaliev@gmail.com","false"
"Dominican Republic","North America","Santo Domingo","Santo Domingo","Санто-Доминго","Santo-Domingo","Dominikana","Доминиканская Республика","Dominika Respublikasi","69ad3b237acbbcf72cee7d35","2026-03-08T09:02:27.069000","2026-07-08T18:00:48.369000","6932c1a5cee41be4b8ef3e6a","mirkhakimadashaliev@gmail.com","false"
"Egypt","Africa","Cairo","Kair","Каир","Qohira","Egipt","Египет","Misr","69ad3b237acbbcf72cee7d37","2026-03-08T09:02:27.069000","2026-07-08T18:00:48.369000","6932c1a5cee41be4b8ef3e6a","mirkhakimadashaliev@gmail.com","false"
"Fiji","Oceania","Suva","Suva","Сува","Suva","Fidżi","Фиджи","Fiji","69ad3b237acbbcf72cee7d3e","2026-03-08T09:02:27.069000","2026-07-08T18:00:48.369000","6932c1a5cee41be4b8ef3e6a","mirkhakimadashaliev@gmail.com","false"
"France","Europe","Paris","Paryż","Париж","Parij","Francja","Франция","Fransiya","69ad3b237acbbcf72cee7d40","2026-03-08T09:02:27.069000","2026-07-08T18:00:48.369000","6932c1a5cee41be4b8ef3e6a","mirkhakimadashaliev@gmail.com","false"
"Kazakhstan","Asia","Astana","Astana","Астана","Astana","Kazachstan","Казахстан","Qozogʻiston","69ad3b237acbbcf72cee7d5a","2026-03-08T09:02:27.069000","2026-07-08T18:00:48.369000","6932c1a5cee41be4b8ef3e6a","mirkhakimadashaliev@gmail.com","false"
"Luxembourg","Europe","Luxembourg","Luksemburg","Люксембург","Lyuksemburg","Luksemburg","Люксембург","Lyuksemburg","69ad3b237acbbcf72cee7d67","2026-03-08T09:02:27.069000","2026-07-08T18:00:48.369000","6932c1a5cee41be4b8ef3e6a","mirkhakimadashaliev@gmail.com","false"
"Marshall Islands","Oceania","Majuro","Majuro","Маджуро","Majuro","Wyspy Marshalla","Маршалловы Острова","Marshall Orollari","69ad3b237acbbcf72cee7d6e","2026-03-08T09:02:27.069000","2026-07-08T18:00:48.369000","6932c1a5cee41be4b8ef3e6a","mirkhakimadashaliev@gmail.com","false"
"Mongolia","Asia","Ulaanbaatar","Ułan Bator","Улан-Батор","Ulan-Bator","Mongolia","Монголия","Moʻgʻuliston","69ad3b237acbbcf72cee7d75","2026-03-08T09:02:27.069000","2026-07-08T18:00:48.369000","6932c1a5cee41be4b8ef3e6a","mirkhakimadashaliev@gmail.com","false"
"Cabo Verde","Africa","Praia","Praia","Прая","Praya","Republika Zielonego Przylądka","Кабо-Верде","Kabo-Verde","69ad3b237acbbcf72cee7d20","2026-03-08T09:02:27.069000","2026-07-08T18:00:48.369000","6932c1a5cee41be4b8ef3e6a","mirkhakimadashaliev@gmail.com","false"
"Finland","Europe","Helsinki","Helsinki","Хельсинки","Xelsinki","Finlandia","Финляндия","Finlyandiya","69ad3b237acbbcf72cee7d3f","2026-03-08T09:02:27.069000","2026-07-08T18:00:48.369000","6932c1a5cee41be4b8ef3e6a","mirkhakimadashaliev@gmail.com","false"
"Ghana","Africa","Accra","Akra","Аккра","Akkra","Ghana","Гана","Gana","69ad3b237acbbcf72cee7d45","2026-03-08T09:02:27.069000","2026-07-08T18:00:48.369000","6932c1a5cee41be4b8ef3e6a","mirkhakimadashaliev@gmail.com","false"
"Guinea","Africa","Conakry","Konakry","Конакри","Konakri","Gwinea","Гвинея","Gvineya","69ad3b237acbbcf72cee7d49","2026-03-08T09:02:27.069000","2026-07-08T18:00:48.369000","6932c1a5cee41be4b8ef3e6a","mirkhakimadashaliev@gmail.com","false"
"Israel","Asia","Jerusalem","Jerozolima","Иерусалим","Quddus","Izrael","Израиль","Isroil","69ad3b237acbbcf72cee7d55","2026-03-08T09:02:27.069000","2026-07-08T18:00:48.369000","6932c1a5cee41be4b8ef3e6a","mirkhakimadashaliev@gmail.com","false"
"Jordan","Asia","Amman","Amman","Амман","Amman","Jordania","Иордания","Iordaniya","69ad3b237acbbcf72cee7d59","2026-03-08T09:02:27.069000","2026-07-08T18:00:48.369000","6932c1a5cee41be4b8ef3e6a","mirkhakimadashaliev@gmail.com","false"
"Latvia","Europe","Riga","Ryga","Рига","Riga","Łotwa","Латвия","Latviya","69ad3b237acbbcf72cee7d60","2026-03-08T09:02:27.069000","2026-07-08T18:00:48.369000","6932c1a5cee41be4b8ef3e6a","mirkhakimadashaliev@gmail.com","false"
"Nepal","Asia","Kathmandu","Katmandu","Катманду","Katmandu","Nepal","Непал","Nepal","69ad3b237acbbcf72cee7d7c","2026-03-08T09:02:27.069000","2026-07-08T18:00:48.369000","6932c1a5cee41be4b8ef3e6a","mirkhakimadashaliev@gmail.com","false"
"Niger","Africa","Niamey","Niamej","Ниамей","Niamey","Niger","Нигер","Niger","69ad3b237acbbcf72cee7d80","2026-03-08T09:02:27.069000","2026-07-08T18:00:48.369000","6932c1a5cee41be4b8ef3e6a","mirkhakimadashaliev@gmail.com","false"
"Cameroon","Africa","Yaoundé","Jaunde","Яунде","Yaunde","Kamerun","Камерун","Kamerun","69ad3b237acbbcf72cee7d22","2026-03-08T09:02:27.069000","2026-07-08T18:00:48.369000","6932c1a5cee41be4b8ef3e6a","mirkhakimadashaliev@gmail.com","false"
"Colombia","South America","Bogotá","Bogota","Богота","Bogota","Kolumbia","Колумбия","Kolumbiya","69ad3b237acbbcf72cee7d28","2026-03-08T09:02:27.069000","2026-07-08T18:00:48.369000","6932c1a5cee41be4b8ef3e6a","mirkhakimadashaliev@gmail.com","false"
"Croatia","Europe","Zagreb","Zagrzeb","Загреб","Zagreb","Chorwacja","Хорватия","Xorvatiya","69ad3b237acbbcf72cee7d2e","2026-03-08T09:02:27.069000","2026-07-08T18:00:48.369000","6932c1a5cee41be4b8ef3e6a","mirkhakimadashaliev@gmail.com","false"
"Greece","Europe","Athens","Ateny","Афины","Afina","Grecja","Греция","Gretsiya","69ad3b237acbbcf72cee7d46","2026-03-08T09:02:27.069000","2026-07-08T18:00:48.369000","6932c1a5cee41be4b8ef3e6a","mirkhakimadashaliev@gmail.com","false"
"Grenada","North America","St. George's","Saint George’s","Сент-Джорджес","Sent-Jorjes","Grenada","Гренада","Grenada","69ad3b237acbbcf72cee7d47","2026-03-08T09:02:27.069000","2026-07-08T18:00:48.369000","6932c1a5cee41be4b8ef3e6a","mirkhakimadashaliev@gmail.com","false"
"North Macedonia","Europe","Skopje","Skopje","Скопье","Skopye","Macedonia Północna","Северная Македония","Shimoliy Makedoniya","69ad3b237acbbcf72cee7d83","2026-03-08T09:02:27.069000","2026-07-08T18:00:48.369000","6932c1a5cee41be4b8ef3e6a","mirkhakimadashaliev@gmail.com","false"
"Cambodia","Asia","Phnom Penh","Phnom Penh","Пномпень","Pnompen","Kambodża","Камбоджа","Kambodja","69ad3b237acbbcf72cee7d21","2026-03-08T09:02:27.069000","2026-07-08T18:00:48.369000","6932c1a5cee41be4b8ef3e6a","mirkhakimadashaliev@gmail.com","false"
"China","Asia","Beijing","Pekin","Пекин","Pekin","Chiny","Китай","Xitoy","69ad3b237acbbcf72cee7d27","2026-03-08T09:02:27.069000","2026-07-08T18:00:48.369000","6932c1a5cee41be4b8ef3e6a","mirkhakimadashaliev@gmail.com","false"
"Guinea-Bissau","Africa","Bissau","Bissau","Бисау","Bisau","Gwinea Bissau","Гвинея-Бисау","Gvineya-Bisau","69ad3b237acbbcf72cee7d4a","2026-03-08T09:02:27.069000","2026-07-08T18:00:48.369000","6932c1a5cee41be4b8ef3e6a","mirkhakimadashaliev@gmail.com","false"
"Kyrgyzstan","Asia","Bishkek","Biszkek","Бишкек","Bishkek","Kirgistan","Киргизия","Qirgʻiziston","69ad3b237acbbcf72cee7d5e","2026-03-08T09:02:27.069000","2026-07-08T18:00:48.369000","6932c1a5cee41be4b8ef3e6a","mirkhakimadashaliev@gmail.com","false"
"Mauritania","Africa","Nouakchott","Nawakszut","Нуакшот","Nuakshot","Mauretania","Мавритания","Mavritaniya","69ad3b237acbbcf72cee7d6f","2026-03-08T09:02:27.069000","2026-07-08T18:00:48.369000","6932c1a5cee41be4b8ef3e6a","mirkhakimadashaliev@gmail.com","false"
"Nigeria","Africa","Abuja","Abudża","Абуджа","Abuja","Nigeria","Нигерия","Nigeriya","69ad3b237acbbcf72cee7d81","2026-03-08T09:02:27.069000","2026-07-08T18:00:48.369000","6932c1a5cee41be4b8ef3e6a","mirkhakimadashaliev@gmail.com","false"
"Ethiopia","Africa","Addis Ababa","Addis Abeba","Аддис-Абеба","Addis-Abeba","Etiopia","Эфиопия","Efiopiya","69ad3b237acbbcf72cee7d3d","2026-03-08T09:02:27.069000","2026-07-08T18:00:48.369000","6932c1a5cee41be4b8ef3e6a","mirkhakimadashaliev@gmail.com","false"
"Maldives","Asia","Malé","Male","Мале","Male","Malediwy","Мальдивы","Maldiv orollari","69ad3b237acbbcf72cee7d6b","2026-03-08T09:02:27.069000","2026-07-08T18:00:48.369000","6932c1a5cee41be4b8ef3e6a","mirkhakimadashaliev@gmail.com","false"
"Mozambique","Africa","Maputo","Maputo","Мапуту","Maputu","Mozambik","Мозамбик","Mozambik","69ad3b237acbbcf72cee7d78","2026-03-08T09:02:27.069000","2026-07-08T18:00:48.369000","6932c1a5cee41be4b8ef3e6a","mirkhakimadashaliev@gmail.com","false"
"Oman","Asia","Muscat","Maskat","Маскат","Maskat","Oman","Оман","Ummon","69ad3b237acbbcf72cee7d85","2026-03-08T09:02:27.069000","2026-07-08T18:00:48.369000","6932c1a5cee41be4b8ef3e6a","mirkhakimadashaliev@gmail.com","false"
"Costa Rica","North America","San José","San José","Сан-Хосе","San-Xose","Kostaryka","Коста-Рика","Kosta-Rika","69ad3b237acbbcf72cee7d2c","2026-03-08T09:02:27.069000","2026-07-08T18:00:48.369000","6932c1a5cee41be4b8ef3e6a","mirkhakimadashaliev@gmail.com","false"
"El Salvador","North America","San Salvador","San Salwador","Сан-Сальвадор","San-Salvador","Salwador","Сальвадор","Salvador","69ad3b237acbbcf72cee7d38","2026-03-08T09:02:27.069000","2026-07-08T18:00:48.369000","6932c1a5cee41be4b8ef3e6a","mirkhakimadashaliev@gmail.com","false"
"Guyana","South America","Georgetown","Georgetown","Джорджтаун","Jorjtaun","Gujana","Гайана","Gayana","69ad3b237acbbcf72cee7d4b","2026-03-08T09:02:27.069000","2026-07-08T18:00:48.369000","6932c1a5cee41be4b8ef3e6a","mirkhakimadashaliev@gmail.com","false"
"Libya","Africa","Tripoli","Trypolis","Триполи","Tripoli","Libia","Ливия","Liviya","69ad3b237acbbcf72cee7d64","2026-03-08T09:02:27.069000","2026-07-08T18:00:48.369000","6932c1a5cee41be4b8ef3e6a","mirkhakimadashaliev@gmail.com","false"
"Malta","Europe","Valletta","Valletta","Валлетта","Valletta","Malta","Мальта","Malta","69ad3b237acbbcf72cee7d6d","2026-03-08T09:02:27.069000","2026-07-08T18:00:48.369000","6932c1a5cee41be4b8ef3e6a","mirkhakimadashaliev@gmail.com","false"
"Canada","North America","Ottawa","Ottawa","Оттава","Ottava","Kanada","Канада","Kanada","69ad3b237acbbcf72cee7d23","2026-03-08T09:02:27.069000","2026-07-08T18:00:48.369000","6932c1a5cee41be4b8ef3e6a","mirkhakimadashaliev@gmail.com","false"
"Equatorial Guinea","Africa","Malabo","Malabo","Малабо","Malabo","Gwinea Równikowa","Экваториальная Гвинея","Ekvatorial Gvineya","69ad3b237acbbcf72cee7d39","2026-03-08T09:02:27.069000","2026-07-08T18:01:56.741000","6932c1a5cee41be4b8ef3e6a","mirkhakimadashaliev@gmail.com","false"
"New Zealand","Oceania","Wellington","Wellington","Веллингтон","Vellington","Nowa Zelandia","Новая Зеландия","Yangi Zelandiya","69ad3b237acbbcf72cee7d7e","2026-03-08T09:02:27.069000","2026-07-08T18:01:56.741000","6932c1a5cee41be4b8ef3e6a","mirkhakimadashaliev@gmail.com","false"
"North Korea","Asia","Pyongyang","Pjongjang","Пхеньян","Pxenyan","Korea Północna","Северная Корея","Shimoliy Koreya","69ad3b237acbbcf72cee7d82","2026-03-08T09:02:27.069000","2026-07-08T18:01:56.741000","6932c1a5cee41be4b8ef3e6a","mirkhakimadashaliev@gmail.com","false"
"Central African Republic","Africa","Bangui","Bangi","Банги","Bangi","Republika Środkowoafrykańska","Центральноафриканская Республика","Markaziy Afrika Respublikasi","69ad3b237acbbcf72cee7d24","2026-03-08T09:02:27.069000","2026-07-08T18:01:56.741000","6932c1a5cee41be4b8ef3e6a","mirkhakimadashaliev@gmail.com","false"
"Cuba","North America","Havana","Hawana","Гавана","Gavana","Kuba","Куба","Kuba","69ad3b237acbbcf72cee7d2f","2026-03-08T09:02:27.069000","2026-07-08T18:01:56.741000","6932c1a5cee41be4b8ef3e6a","mirkhakimadashaliev@gmail.com","false"
"Estonia","Europe","Tallinn","Tallinn","Таллин","Tallin","Estonia","Эстония","Estoniya","69ad3b237acbbcf72cee7d3b","2026-03-08T09:02:27.069000","2026-07-08T18:01:56.741000","6932c1a5cee41be4b8ef3e6a","mirkhakimadashaliev@gmail.com","false"
"Indonesia","Asia","Jakarta","Dżakarta","Джакарта","Jakarta","Indonezja","Индонезия","Indoneziya","69ad3b237acbbcf72cee7d51","2026-03-08T09:02:27.069000","2026-07-08T18:01:56.741000","6932c1a5cee41be4b8ef3e6a","mirkhakimadashaliev@gmail.com","false"
"Liberia","Africa","Monrovia","Monrowia","Монровия","Monroviya","Liberia","Либерия","Liberiya","69ad3b237acbbcf72cee7d63","2026-03-08T09:02:27.069000","2026-07-08T18:01:56.741000","6932c1a5cee41be4b8ef3e6a","mirkhakimadashaliev@gmail.com","false"
"Mexico","North America","Mexico City","Meksyk","Мехико","Mexiko","Meksyk","Мексика","Meksika","69ad3b237acbbcf72cee7d71","2026-03-08T09:02:27.069000","2026-07-08T18:01:56.741000","6932c1a5cee41be4b8ef3e6a","mirkhakimadashaliev@gmail.com","false"
"Monaco","Europe","Monaco","Monako","Монако","Monako","Monako","Монако","Monako","69ad3b237acbbcf72cee7d74","2026-03-08T09:02:27.069000","2026-07-08T18:01:56.741000","6932c1a5cee41be4b8ef3e6a","mirkhakimadashaliev@gmail.com","false"
"Norway","Europe","Oslo","Oslo","Осло","Oslo","Norwegia","Норвегия","Norvegiya","69ad3b237acbbcf72cee7d84","2026-03-08T09:02:27.069000","2026-07-08T18:01:56.741000","6932c1a5cee41be4b8ef3e6a","mirkhakimadashaliev@gmail.com","false"
"Burkina Faso","Africa","Ouagadougou","Wagadugu","Уагадугу","Uagadugu","Burkina Faso","Буркина-Фасо","Burkina-Faso","69ad3b237acbbcf72cee7d1e","2026-03-08T09:02:27.069000","2026-07-08T18:01:56.741000","6932c1a5cee41be4b8ef3e6a","mirkhakimadashaliev@gmail.com","false"
"Haiti","North America","Port-au-Prince","Port-au-Prince","Порт-о-Пренс","Port-o-Prins","Haiti","Гаити","Gaiti","69ad3b237acbbcf72cee7d4c","2026-03-08T09:02:27.069000","2026-07-08T18:01:56.741000","6932c1a5cee41be4b8ef3e6a","mirkhakimadashaliev@gmail.com","false"
"Honduras","North America","Tegucigalpa","Tegucigalpa","Тегусигальпа","Tegusigalpa","Honduras","Гондурас","Gonduras","69ad3b237acbbcf72cee7d4d","2026-03-08T09:02:27.069000","2026-07-08T18:01:56.741000","6932c1a5cee41be4b8ef3e6a","mirkhakimadashaliev@gmail.com","false"
"Japan","Asia","Tokyo","Tokio","Токио","Tokio","Japonia","Япония","Yaponiya","69ad3b237acbbcf72cee7d58","2026-03-08T09:02:27.069000","2026-07-08T18:01:56.741000","6932c1a5cee41be4b8ef3e6a","mirkhakimadashaliev@gmail.com","false"
"Mali","Africa","Bamako","Bamako","Бамако","Bamako","Mali","Мали","Mali","69ad3b237acbbcf72cee7d6c","2026-03-08T09:02:27.069000","2026-07-08T18:01:56.741000","6932c1a5cee41be4b8ef3e6a","mirkhakimadashaliev@gmail.com","false"
"Micronesia","Oceania","Palikir","Palikir","Паликир","Palikir","Mikronezja","Микронезия","Mikroneziya","69ad3b237acbbcf72cee7d72","2026-03-08T09:02:27.069000","2026-07-08T18:01:56.741000","6932c1a5cee41be4b8ef3e6a","mirkhakimadashaliev@gmail.com","false"
"Namibia","Africa","Windhoek","Windhuk","Виндхук","Vindxuk","Namibia","Намибия","Namibiya","69ad3b237acbbcf72cee7d7a","2026-03-08T09:02:27.069000","2026-07-08T18:01:56.741000","6932c1a5cee41be4b8ef3e6a","mirkhakimadashaliev@gmail.com","false"
"Chile","South America","Santiago","Santiago","Сантьяго","Santyago","Chile","Чили","Chili","69ad3b237acbbcf72cee7d26","2026-03-08T09:02:27.069000","2026-07-08T18:01:56.741000","6932c1a5cee41be4b8ef3e6a","mirkhakimadashaliev@gmail.com","false"
"Côte d'Ivoire","Africa","Yamoussoukro","Jamusukro","Ямусукро","Yamusukro","Wybrzeże Kości Słoniowej","Кот-д’Ивуар","Kot-d'Ivuar","69ad3b237acbbcf72cee7d2d","2026-03-08T09:02:27.069000","2026-07-08T18:01:56.741000","6932c1a5cee41be4b8ef3e6a","mirkhakimadashaliev@gmail.com","false"
"Czech Republic","Europe","Prague","Praga","Прага","Praga","Czechy","Чехия","Chexiya","69ad3b237acbbcf72cee7d31","2026-03-08T09:02:27.069000","2026-07-08T18:01:56.741000","6932c1a5cee41be4b8ef3e6a","mirkhakimadashaliev@gmail.com","false"
"Ireland","Europe","Dublin","Dublin","Дублин","Dublin","Irlandia","Ирландия","Irlandiya","69ad3b237acbbcf72cee7d54","2026-03-08T09:02:27.069000","2026-07-08T18:01:56.741000","6932c1a5cee41be4b8ef3e6a","mirkhakimadashaliev@gmail.com","false"
"Italy","Europe","Rome","Rzym","Рим","Rim","Włochy","Италия","Italiya","69ad3b237acbbcf72cee7d56","2026-03-08T09:02:27.069000","2026-07-08T18:01:56.741000","6932c1a5cee41be4b8ef3e6a","mirkhakimadashaliev@gmail.com","false"
"Jamaica","North America","Kingston","Kingston","Кингстон","Kingston","Jamajka","Ямайка","Yamayka","69ad3b237acbbcf72cee7d57","2026-03-08T09:02:27.069000","2026-07-08T18:01:56.741000","6932c1a5cee41be4b8ef3e6a","mirkhakimadashaliev@gmail.com","false"
"Laos","Asia","Vientiane","Wientian","Вьентьян","Ventyan","Laos","Лаос","Laos","69ad3b237acbbcf72cee7d5f","2026-03-08T09:02:27.069000","2026-07-08T18:01:56.741000","6932c1a5cee41be4b8ef3e6a","mirkhakimadashaliev@gmail.com","false"
"Lesotho","Africa","Maseru","Maseru","Масеру","Maseru","Lesotho","Лесото","Lesoto","69ad3b237acbbcf72cee7d62","2026-03-08T09:02:27.069000","2026-07-08T18:01:30.523000","6932c1a5cee41be4b8ef3e6a","mirkhakimadashaliev@gmail.com","false"
"Morocco","Africa","Rabat","Rabat","Рабат","Rabot","Maroko","Марокко","Marokko","69ad3b237acbbcf72cee7d77","2026-03-08T09:02:27.069000","2026-07-08T18:01:30.523000","6932c1a5cee41be4b8ef3e6a","mirkhakimadashaliev@gmail.com","false"
"Germany","Europe","Berlin","Berlin","Берлин","Berlin","Niemcy","Германия","Germaniya","69ad3b237acbbcf72cee7d44","2026-03-08T09:02:27.069000","2026-07-08T18:01:30.523000","6932c1a5cee41be4b8ef3e6a","mirkhakimadashaliev@gmail.com","false"
"India","Asia","New Delhi","New Delhi","Нью-Дели","Nyu-Deli","Indie","Индия","Hindiston","69ad3b237acbbcf72cee7d50","2026-03-08T09:02:27.069000","2026-07-08T18:01:30.523000","6932c1a5cee41be4b8ef3e6a","mirkhakimadashaliev@gmail.com","false"
"Iraq","Asia","Baghdad","Bagdad","Багдад","Bagʻdod","Irak","Ирак","Iroq","69ad3b237acbbcf72cee7d53","2026-03-08T09:02:27.069000","2026-07-08T18:01:30.523000","6932c1a5cee41be4b8ef3e6a","mirkhakimadashaliev@gmail.com","false"
"Lebanon","Asia","Beirut","Bejrut","Бейрут","Bayrut","Liban","Ливан","Livan","69ad3b237acbbcf72cee7d61","2026-03-08T09:02:27.069000","2026-07-08T18:01:30.523000","6932c1a5cee41be4b8ef3e6a","mirkhakimadashaliev@gmail.com","false"
"Madagascar","Africa","Antananarivo","Antananarywa","Антананариву","Antananarivu","Madagaskar","Мадагаскар","Madagaskar","69ad3b237acbbcf72cee7d68","2026-03-08T09:02:27.069000","2026-07-08T18:01:30.523000","6932c1a5cee41be4b8ef3e6a","mirkhakimadashaliev@gmail.com","false"
"Moldova","Europe","Chisinau","Kiszyniów","Кишинёв","Kishinyov","Mołdawia","Молдавия","Moldova","69ad3b237acbbcf72cee7d73","2026-03-08T09:02:27.069000","2026-07-08T18:01:30.523000","6932c1a5cee41be4b8ef3e6a","mirkhakimadashaliev@gmail.com","false"
"Nicaragua","North America","Managua","Managua","Манагуа","Managua","Nikaragua","Никарагуа","Nikaragua","69ad3b237acbbcf72cee7d7f","2026-03-08T09:02:27.069000","2026-07-08T18:01:30.523000","6932c1a5cee41be4b8ef3e6a","mirkhakimadashaliev@gmail.com","false"
"Comoros","Africa","Moroni","Moroni","Морони","Moroni","Komory","Коморские Острова","Komor orollari","69ad3b237acbbcf72cee7d29","2026-03-08T09:02:27.069000","2026-07-08T18:01:30.523000","6932c1a5cee41be4b8ef3e6a","mirkhakimadashaliev@gmail.com","false"
"Ecuador","South America","Quito","Quito","Кито","Kito","Ekwador","Эквадор","Ekvador","69ad3b237acbbcf72cee7d36","2026-03-08T09:02:27.069000","2026-07-08T18:01:30.523000","6932c1a5cee41be4b8ef3e6a","mirkhakimadashaliev@gmail.com","false"
"Iran","Asia","Tehran","Teheran","Тегеран","Tehron","Iran","Иран","Eron","69ad3b237acbbcf72cee7d52","2026-03-08T09:02:27.069000","2026-07-08T18:01:30.523000","6932c1a5cee41be4b8ef3e6a","mirkhakimadashaliev@gmail.com","false"
"Dominica","North America","Roseau","Roseau","Розо","Rozo","Dominika","Доминика","Dominika","69ad3b237acbbcf72cee7d34","2026-03-08T09:02:27.069000","2026-07-08T18:01:30.523000","6932c1a5cee41be4b8ef3e6a","mirkhakimadashaliev@gmail.com","false"
"Guatemala","North America","Guatemala City","Gwatemala","Гватемала","Gvatemala","Gwatemala","Гватемала","Gvatemala","69ad3b237acbbcf72cee7d48","2026-03-08T09:02:27.069000","2026-07-08T18:01:30.523000","6932c1a5cee41be4b8ef3e6a","mirkhakimadashaliev@gmail.com","false"
"Kenya","Africa","Nairobi","Nairobi","Найроби","Nayrobi","Kenia","Кения","Keniya","69ad3b237acbbcf72cee7d5b","2026-03-08T09:02:27.069000","2026-07-08T18:01:30.523000","6932c1a5cee41be4b8ef3e6a","mirkhakimadashaliev@gmail.com","false"
"Malawi","Africa","Lilongwe","Lilongwe","Лилонгве","Lilongve","Malawi","Малави","Malavi","69ad3b237acbbcf72cee7d69","2026-03-08T09:02:27.069000","2026-07-08T18:02:13.430000","6932c1a5cee41be4b8ef3e6a","mirkhakimadashaliev@gmail.com","false"
"Malaysia","Asia","Kuala Lumpur","Kuala Lumpur","Куала-Лумпур","Kuala-Lumpur","Malezja","Малайзия","Malayziya","69ad3b237acbbcf72cee7d6a","2026-03-08T09:02:27.069000","2026-07-08T18:02:13.430000","6932c1a5cee41be4b8ef3e6a","mirkhakimadashaliev@gmail.com","false"
"Chad","Africa","N'Djamena","Ndżamena","Нджамена","Njamena","Czad","Чад","Chad","69ad3b237acbbcf72cee7d25","2026-03-08T09:02:27.069000","2026-07-08T18:02:13.430000","6932c1a5cee41be4b8ef3e6a","mirkhakimadashaliev@gmail.com","false"
"Congo, Rep.","Africa","Brazzaville","Brazzaville","Браззавиль","Brazzavil","Kongo","Республика Конго","Kongo Respublikasi","69ad3b237acbbcf72cee7d2b","2026-03-08T09:02:27.069000","2026-07-08T18:02:13.430000","6932c1a5cee41be4b8ef3e6a","mirkhakimadashaliev@gmail.com","false"
"Georgia","Asia","Tbilisi","Tbilisi","Тбилиси","Tbilisi","Gruzja","Грузия","Gruziya","69ad3b237acbbcf72cee7d43","2026-03-08T09:02:27.069000","2026-07-08T18:02:13.430000","6932c1a5cee41be4b8ef3e6a","mirkhakimadashaliev@gmail.com","false"
"Iceland","Europe","Reykjavik","Reykjavík","Рейкьявик","Reykyavik","Islandia","Исландия","Islandiya","69ad3b237acbbcf72cee7d4f","2026-03-08T09:02:27.069000","2026-07-08T18:02:13.430000","6932c1a5cee41be4b8ef3e6a","mirkhakimadashaliev@gmail.com","false"
"Kiribati","Oceania","Tarawa","Tarawa","Тарава","Tarava","Kiribati","Кирибати","Kiribati","69ad3b237acbbcf72cee7d5c","2026-03-08T09:02:27.069000","2026-07-08T18:02:13.430000","6932c1a5cee41be4b8ef3e6a","mirkhakimadashaliev@gmail.com","false"
"Kuwait","Asia","Kuwait City","Kuwejt","Эль-Кувейт","Al-Quvayt","Kuwejt","Кувейт","Quvayt","69ad3b237acbbcf72cee7d5d","2026-03-08T09:02:27.069000","2026-07-08T18:02:13.430000","6932c1a5cee41be4b8ef3e6a","mirkhakimadashaliev@gmail.com","false"
"Lithuania","Europe","Vilnius","Wilno","Вильнюс","Vilnyus","Litwa","Литва","Litva","69ad3b237acbbcf72cee7d66","2026-03-08T09:02:27.069000","2026-07-08T18:02:13.430000","6932c1a5cee41be4b8ef3e6a","mirkhakimadashaliev@gmail.com","false"
"Nauru","Oceania","Yaren District (de facto)","Yaren","Ярен","Yaren","Nauru","Науру","Nauru","69ad3b237acbbcf72cee7d7b","2026-03-08T09:02:27.069000","2026-07-08T18:02:13.430000","6932c1a5cee41be4b8ef3e6a","mirkhakimadashaliev@gmail.com","false"
"Bahrain","Asia","Manama","Manama","Манама","Manama","Bahrajn","Бахрейн","Bahrayn","69ad3b237acbbcf72cee7d10","2026-03-08T09:02:27.068000","2026-07-08T18:02:13.430000","6932c1a5cee41be4b8ef3e6a","mirkhakimadashaliev@gmail.com","false"
"Argentina","South America","Buenos Aires","Buenos Aires","Буэнос-Айрес","Buenos-Ayres","Argentyna","Аргентина","Argentina","69ad3b237acbbcf72cee7d0a","2026-03-08T09:02:27.068000","2026-07-08T18:02:13.430000","6932c1a5cee41be4b8ef3e6a","mirkhakimadashaliev@gmail.com","false"
"Australia","Oceania","Canberra","Canberra","Канберра","Kanberra","Australia","Австралия","Avstraliya","69ad3b237acbbcf72cee7d0c","2026-03-08T09:02:27.068000","2026-07-08T18:02:13.430000","6932c1a5cee41be4b8ef3e6a","mirkhakimadashaliev@gmail.com","false"
"Albania","Europe","Tirana","Tirana","Тирана","Tirana","Albania","Албания","Albaniya","69ad3b237acbbcf72cee7d05","2026-03-08T09:02:27.068000","2026-07-08T18:02:13.430000","6932c1a5cee41be4b8ef3e6a","mirkhakimadashaliev@gmail.com","false"
"Antigua and Barbuda","North America","Saint John's","Saint John's","Сент-Джонс","Sent-Jons","Antigua i Barbuda","Антигуа и Барбуда","Antigua va Barbuda","69ad3b237acbbcf72cee7d09","2026-03-08T09:02:27.068000","2026-07-08T18:02:13.430000","6932c1a5cee41be4b8ef3e6a","mirkhakimadashaliev@gmail.com","false"
"Andorra","Europe","Andorra la Vella","Andora","Андорра-ла-Велья","Andorra-la-Velya","Andora","Андорра","Andorra","69ad3b237acbbcf72cee7d07","2026-03-08T09:02:27.068000","2026-07-08T18:02:13.430000","6932c1a5cee41be4b8ef3e6a","mirkhakimadashaliev@gmail.com","false"
"Bangladesh","Asia","Dhaka","Dhaka","Дакка","Dakka","Bangladesz","Бангладеш","Bangladesh","69ad3b237acbbcf72cee7d11","2026-03-08T09:02:27.068000","2026-07-08T18:02:13.430000","6932c1a5cee41be4b8ef3e6a","mirkhakimadashaliev@gmail.com","false"
"Brunei","Asia","Bandar Seri Begawan","Bandar Seri Begawan","Бандар-Сери-Бегаван","Bandar-Seri-Begavan","Brunei","Бруней","Bruney","69ad3b237acbbcf72cee7d1c","2026-03-08T09:02:27.068000","2026-07-08T18:02:13.430000","6932c1a5cee41be4b8ef3e6a","mirkhakimadashaliev@gmail.com","false"
"Belize","North America","Belmopan","Belmopan","Бельмопан","Belmopan","Belize","Белиз","Beliz","69ad3b237acbbcf72cee7d15","2026-03-08T09:02:27.068000","2026-07-08T18:02:13.430000","6932c1a5cee41be4b8ef3e6a","mirkhakimadashaliev@gmail.com","false"
"Brazil","South America","Brasília","Brasília","Бразилиа","Braziliya","Brazylia","Бразилия","Braziliya","69ad3b237acbbcf72cee7d1b","2026-03-08T09:02:27.068000","2026-07-08T18:02:13.430000","6932c1a5cee41be4b8ef3e6a","mirkhakimadashaliev@gmail.com","false"
"Armenia","Asia","Yerevan","Erywań","Ереван","Yerevan","Armenia","Армения","Armaniston","69ad3b237acbbcf72cee7d0b","2026-03-08T09:02:27.068000","2026-07-08T18:02:13.430000","6932c1a5cee41be4b8ef3e6a","mirkhakimadashaliev@gmail.com","false"
"Belarus","Europe","Minsk","Mińsk","Минск","Minsk","Białoruś","Беларусь","Belarus","69ad3b237acbbcf72cee7d13","2026-03-08T09:02:27.068000","2026-07-08T18:02:13.430000","6932c1a5cee41be4b8ef3e6a","mirkhakimadashaliev@gmail.com","false"
"Bhutan","Asia","Thimphu","Thimphu","Тхимпху","Thimphu","Bhutan","Бутан","Butan","69ad3b237acbbcf72cee7d17","2026-03-08T09:02:27.068000","2026-07-08T18:02:13.430000","6932c1a5cee41be4b8ef3e6a","mirkhakimadashaliev@gmail.com","false"
"Bosnia and Herzegovina","Europe","Sarajevo","Sarajewo","Сараево","Sarayevo","Bośnia i Hercegowina","Босния и Герцеговина","Bosniya va Gersegovina","69ad3b237acbbcf72cee7d19","2026-03-08T09:02:27.068000","2026-07-08T18:02:13.430000","6932c1a5cee41be4b8ef3e6a","mirkhakimadashaliev@gmail.com","false"
"Austria","Europe","Vienna","Wiedeń","Вена","Vena","Austria","Австрия","Avstriya","69ad3b237acbbcf72cee7d0d","2026-03-08T09:02:27.068000","2026-07-08T18:02:13.430000","6932c1a5cee41be4b8ef3e6a","mirkhakimadashaliev@gmail.com","false"
"Bahamas","North America","Nassau","Nassau","Нассау","Nassau","Bahamy","Багамские Острова","Bagama orollari","69ad3b237acbbcf72cee7d0f","2026-03-08T09:02:27.068000","2026-07-08T18:02:13.430000","6932c1a5cee41be4b8ef3e6a","mirkhakimadashaliev@gmail.com","false"
"Afghanistan","Asia","Kabul","Kabul","Кабул","Kobul","Afganistan","Афганистан","Afg'oniston","69ad3b237acbbcf72cee7d04","2026-03-08T09:02:27.068000","2026-07-08T18:02:13.430000","6932c1a5cee41be4b8ef3e6a","mirkhakimadashaliev@gmail.com","false"
"Algeria","Africa","Algiers","Algier","Алжир","Jazoir","Algieria","Алжир","Jazoir","69ad3b237acbbcf72cee7d06","2026-03-08T09:02:27.068000","2026-07-08T18:02:13.430000","6932c1a5cee41be4b8ef3e6a","mirkhakimadashaliev@gmail.com","false"
"Benin","Africa","Porto-Novo","Porto-Novo","Порто-Ново","Porto-Novo","Benin","Бенин","Benin","69ad3b237acbbcf72cee7d16","2026-03-08T09:02:27.068000","2026-07-08T18:02:13.430000","6932c1a5cee41be4b8ef3e6a","mirkhakimadashaliev@gmail.com","false"
"Azerbaijan","Asia","Baku","Baku","Баку","Boku","Azerbejdżan","Азербайджан","Ozarbayjon","69ad3b237acbbcf72cee7d0e","2026-03-08T09:02:27.068000","2026-07-08T18:02:13.430000","6932c1a5cee41be4b8ef3e6a","mirkhakimadashaliev@gmail.com","false"
"Barbados","North America","Bridgetown","Bridgetown","Бриджтаун","Brijtaun","Barbados","Барбадос","Barbados","69ad3b237acbbcf72cee7d12","2026-03-08T09:02:27.068000","2026-07-08T18:02:13.430000","6932c1a5cee41be4b8ef3e6a","mirkhakimadashaliev@gmail.com","false"
"Belgium","Europe","Brussels","Bruksela","Брюссель","Bryussel","Belgia","Бельгия","Belgiya","69ad3b237acbbcf72cee7d14","2026-03-08T09:02:27.068000","2026-07-08T18:02:13.430000","6932c1a5cee41be4b8ef3e6a","mirkhakimadashaliev@gmail.com","false"
"Botswana","Africa","Gaborone","Gaborone","Габороне","Gaborone","Botswana","Ботсвана","Botsvana","69ad3b237acbbcf72cee7d1a","2026-03-08T09:02:27.068000","2026-07-08T18:02:13.430000","6932c1a5cee41be4b8ef3e6a","mirkhakimadashaliev@gmail.com","false"
"Bulgaria","Europe","Sofia","Sofia","София","Sofiya","Bułgaria","Болгария","Bolgariya","69ad3b237acbbcf72cee7d1d","2026-03-08T09:02:27.068000","2026-07-08T18:02:13.430000","6932c1a5cee41be4b8ef3e6a","mirkhakimadashaliev@gmail.com","false"
"Bolivia","South America","Sucre (official) / La Paz","Sucre","Сукре","Sukre","Boliwia","Боливия","Boliviya","69ad3b237acbbcf72cee7d18","2026-03-08T09:02:27.068000","2026-07-08T18:02:13.430000","6932c1a5cee41be4b8ef3e6a","mirkhakimadashaliev@gmail.com","false"
"Angola","Africa","Luanda","Luanda","Луанда","Luanda","Angola","Ангола","Angola","69ad3b237acbbcf72cee7d08","2026-03-08T09:02:27.068000","2026-07-08T18:02:13.430000","6932c1a5cee41be4b8ef3e6a","mirkhakimadashaliev@gmail.com","false"