"country_name","option_4","continent","option_2","flag_url","option_3","country_name_pl","country_name_ru","country_name_uz","option_2_pl","option_2_ru","option_2_uz","option_3_pl","option_3_ru","option_3_uz","option_4_pl","option_4_ru","option_4_uz","id","created_date","updated_date","created_by_id","created_by","is_sample"
"Vanuatu","Jamaica","","Solomon Islands","https://flagcdn.com/vu.svg","South Africa","Vanuatu","Вануату","Vanuatu","Wyspy Salomona","Соломоновы Острова","Solomon orollari","Republika Południowej Afryki","Южно-Африканская Республика","Janubiy Afrika Respublikasi","Jamajka","Ямайка","Yamayka","69a2c5576b2bcb01ed3ea50a","2026-02-28T10:37:11.920000","2026-07-08T18:19:44.289000","6932c1a5cee41be4b8ef3e6a","mirkhakimadashaliev@gmail.com","false"
"Tajikistan","Bulgaria","","Iran","https://flagcdn.com/tj.svg","Hungary","Tadżykistan","Таджикистан","Tojikiston","Iran","Иран","Eron","Węgry","Венгрия","Vengriya","Bułgaria","Болгария","Bolgariya","69a2c5576b2bcb01ed3ea4f8","2026-02-28T10:37:11.920000","2026-07-08T18:19:44.289000","6932c1a5cee41be4b8ef3e6a","mirkhakimadashaliev@gmail.com","false"
"Tanzania","Kenya","","Jamaica","https://flagcdn.com/tz.svg","Burundi","Tanzania","Танзания","Tanzaniya","Jamajka","Ямайка","Yamayka","Burundi","Бурунди","Burundi","Kenia","Кения","Keniya","69a2c5576b2bcb01ed3ea4f9","2026-02-28T10:37:11.920000","2026-07-08T18:19:44.289000","6932c1a5cee41be4b8ef3e6a","mirkhakimadashaliev@gmail.com","false"
"Ukraine","Palau","","Sweden","https://flagcdn.com/ua.svg","Kazakhstan","Ukraina","Украина","Ukraina","Szwecja","Швеция","Shvetsiya","Kazachstan","Казахстан","Qozog'iston","Palau","Палау","Palau","69a2c5576b2bcb01ed3ea504","2026-02-28T10:37:11.920000","2026-07-08T18:19:44.289000","6932c1a5cee41be4b8ef3e6a","mirkhakimadashaliev@gmail.com","false"
"Timor-Leste","Mozambique","","Papua New Guinea","https://flagcdn.com/tl.svg","Vanuatu","Timor Wschodni","Восточный Тимор","Sharqiy Timor","Papua-Nowa Gwinea","Папуа — Новая Гвинея","Papua-Yangi Gvineya","Vanuatu","Вануату","Vanuatu","Mozambik","Мозамбик","Mozambik","69a2c5576b2bcb01ed3ea4fb","2026-02-28T10:37:11.920000","2026-07-08T18:19:44.289000","6932c1a5cee41be4b8ef3e6a","mirkhakimadashaliev@gmail.com","false"
"Togo","Ghana","","Benin","https://flagcdn.com/tg.svg","Guinea-Bissau","Togo","Того","Togo","Benin","Бенин","Benin","Gwinea Bissau","Гвинея-Бисау","Gvineya-Bisau","Ghana","Гана","Gana","69a2c5576b2bcb01ed3ea4fc","2026-02-28T10:37:11.920000","2026-07-08T18:19:44.289000","6932c1a5cee41be4b8ef3e6a","mirkhakimadashaliev@gmail.com","false"
"Vietnam","Somalia","","China","https://flagcdn.com/vn.svg","Morocco","Wietnam","Вьетнам","Vyetnam","Chiny","Китай","Xitoy","Maroko","Марокко","Marokko","Somalia","Сомали","Somali","69a2c5576b2bcb01ed3ea50c","2026-02-28T10:37:11.920000","2026-07-08T18:19:44.289000","6932c1a5cee41be4b8ef3e6a","mirkhakimadashaliev@gmail.com","false"
"Zambia","Namibia","","Zimbabwe","https://flagcdn.com/zm.svg","South Africa","Zambia","Замбия","Zambiya","Zimbabwe","Зимбабве","Zimbabve","Republika Południowej Afryki","Южно-Африканская Республика","Janubiy Afrika Respublikasi","Namibia","Намибия","Namibiya","69a2c5576b2bcb01ed3ea50e","2026-02-28T10:37:11.920000","2026-07-08T18:19:44.289000","6932c1a5cee41be4b8ef3e6a","mirkhakimadashaliev@gmail.com","false"
"United States","Chile","","Liberia","https://flagcdn.com/us.svg","Malaysia","Stany Zjednoczone","Соединённые Штаты Америки","Amerika Qo'shma Shtatlari","Liberia","Либерия","Liberiya","Malezja","Малайзия","Malayziya","Chile","Чили","Chili","69a2c5576b2bcb01ed3ea507","2026-02-28T10:37:11.920000","2026-07-08T18:19:44.289000","6932c1a5cee41be4b8ef3e6a","mirkhakimadashaliev@gmail.com","false"
"Trinidad and Tobago","Papua New Guinea","","DR Congo","https://flagcdn.com/tt.svg","Tanzania","Trynidad i Tobago","Тринидад и Тобаго","Trinidad va Tobago","Demokratyczna Republika Konga","Демократическая Республика Конго","Kongo Demokratik Respublikasi","Tanzania","Танзания","Tanzaniya","Papua-Nowa Gwinea","Папуа — Новая Гвинея","Papua-Yangi Gvineya","69a2c5576b2bcb01ed3ea4fe","2026-02-28T10:37:11.920000","2026-07-08T18:19:44.289000","6932c1a5cee41be4b8ef3e6a","mirkhakimadashaliev@gmail.com","false"
"United Arab Emirates","Kuwait","","Jordan","https://flagcdn.com/ae.svg","Palestine","Zjednoczone Emiraty Arabskie","Объединённые Арабские Эмираты","Birlashgan Arab Amirliklari","Jordania","Иордания","Iordaniya","Palestyna","Палестина","Falastin","Kuwejt","Кувейт","Quvayt","69a2c5576b2bcb01ed3ea505","2026-02-28T10:37:11.920000","2026-07-08T18:19:44.289000","6932c1a5cee41be4b8ef3e6a","mirkhakimadashaliev@gmail.com","false"
"United Kingdom","Iceland","","Australia","https://flagcdn.com/gb.svg","New Zealand","Wielka Brytania","Великобритания","Buyuk Britaniya","Australia","Австралия","Avstraliya","Nowa Zelandia","Новая Зеландия","Yangi Zelandiya","Islandia","Исландия","Islandiya","69a2c5576b2bcb01ed3ea506","2026-02-28T10:37:11.920000","2026-07-08T18:19:44.289000","6932c1a5cee41be4b8ef3e6a","mirkhakimadashaliev@gmail.com","false"
"Yemen","Iraq","","Egypt","https://flagcdn.com/ye.svg","Syria","Jemen","Йемен","Yaman","Egipt","Египет","Misr","Syria","Сирия","Suriya","Irak","Ирак","Iroq","69a2c5576b2bcb01ed3ea50d","2026-02-28T10:37:11.920000","2026-07-08T18:19:44.289000","6932c1a5cee41be4b8ef3e6a","mirkhakimadashaliev@gmail.com","false"
"Suriname","Benin","","Guyana","https://flagcdn.com/sr.svg","Grenada","Surinam","Суринам","Surinam","Gujana","Гайана","Gayana","Grenada","Гренада","Grenada","Benin","Бенин","Benin","69a2c5576b2bcb01ed3ea4f3","2026-02-28T10:37:11.920000","2026-07-08T18:19:44.289000","6932c1a5cee41be4b8ef3e6a","mirkhakimadashaliev@gmail.com","false"
"Uganda","Rwanda","","Germany","https://flagcdn.com/ug.svg","Belgium","Uganda","Уганда","Uganda","Niemcy","Германия","Germaniya","Belgia","Бельгия","Belgiya","Rwanda","Руанда","Ruanda","69a2c5576b2bcb01ed3ea503","2026-02-28T10:37:11.920000","2026-07-08T18:19:44.289000","6932c1a5cee41be4b8ef3e6a","mirkhakimadashaliev@gmail.com","false"
"Uzbekistan","Turkmenistan","","Sierra Leone","https://flagcdn.com/uz.svg","Gabon","Uzbekistan","Узбекистан","O'zbekiston","Sierra Leone","Сьерра-Леоне","Syerra-Leone","Gabon","Габон","Gabon","Turkmenistan","Туркменистан","Turkmaniston","69a2c5576b2bcb01ed3ea509","2026-02-28T10:37:11.920000","2026-07-08T18:19:44.289000","6932c1a5cee41be4b8ef3e6a","mirkhakimadashaliev@gmail.com","false"
"Zimbabwe","Mozambique","","Zambia","https://flagcdn.com/zw.svg","South Africa","Zimbabwe","Зимбабве","Zimbabve","Zambia","Замбия","Zambiya","Republika Południowej Afryki","Южно-Африканская Республика","Janubiy Afrika Respublikasi","Mozambik","Мозамбик","Mozambik","69a2c5576b2bcb01ed3ea50f","2026-02-28T10:37:11.920000","2026-07-08T18:19:44.289000","6932c1a5cee41be4b8ef3e6a","mirkhakimadashaliev@gmail.com","false"
"Turkmenistan","Pakistan","","Uzbekistan","https://flagcdn.com/tm.svg","Azerbaijan","Turkmenistan","Туркменистан","Turkmaniston","Uzbekistan","Узбекистан","O'zbekiston","Azerbejdżan","Азербайджан","Ozarbayjon","Pakistan","Пакистан","Pokiston","69a2c5576b2bcb01ed3ea501","2026-02-28T10:37:11.920000","2026-07-08T18:19:44.289000","6932c1a5cee41be4b8ef3e6a","mirkhakimadashaliev@gmail.com","false"
"Tuvalu","New Zealand","","Fiji","https://flagcdn.com/tv.svg","Australia","Tuvalu","Тувалу","Tuvalu","Fidżi","Фиджи","Fiji","Australia","Австралия","Avstraliya","Nowa Zelandia","Новая Зеландия","Yangi Zelandiya","69a2c5576b2bcb01ed3ea502","2026-02-28T10:37:11.920000","2026-07-08T18:19:44.289000","6932c1a5cee41be4b8ef3e6a","mirkhakimadashaliev@gmail.com","false"
"Venezuela","Armenia","","Colombia","https://flagcdn.com/ve.svg","Ecuador","Wenezuela","Венесуэла","Venesuela","Kolumbia","Колумбия","Kolumbiya","Ekwador","Эквадор","Ekvador","Armenia","Армения","Armaniston","69a2c5576b2bcb01ed3ea50b","2026-02-28T10:37:11.920000","2026-07-08T18:19:44.289000","6932c1a5cee41be4b8ef3e6a","mirkhakimadashaliev@gmail.com","false"
"Sweden","Denmark","","Finland","https://flagcdn.com/se.svg","Norway","Szwecja","Швеция","Shvetsiya","Finlandia","Финляндия","Finlandiya","Norwegia","Норвегия","Norvegiya","Dania","Дания","Daniya","69a2c5576b2bcb01ed3ea4f4","2026-02-28T10:37:11.920000","2026-07-08T18:19:44.289000","6932c1a5cee41be4b8ef3e6a","mirkhakimadashaliev@gmail.com","false"
"Switzerland","Peru","","Denmark","https://flagcdn.com/ch.svg","Canada","Szwajcaria","Швейцария","Shveytsariya","Dania","Дания","Daniya","Kanada","Канада","Kanada","Peru","Перу","Peru","69a2c5576b2bcb01ed3ea4f5","2026-02-28T10:37:11.920000","2026-07-08T18:19:44.289000","6932c1a5cee41be4b8ef3e6a","mirkhakimadashaliev@gmail.com","false"
"Syria","Iraq","","Egypt","https://flagcdn.com/sy.svg","Yemen","Syria","Сирия","Suriya","Egipt","Египет","Misr","Jemen","Йемен","Yaman","Irak","Ирак","Iroq","69a2c5576b2bcb01ed3ea4f6","2026-02-28T10:37:11.920000","2026-07-08T18:19:44.289000","6932c1a5cee41be4b8ef3e6a","mirkhakimadashaliev@gmail.com","false"
"Taiwan","Chile","","Samoa","https://flagcdn.com/tw.svg","Myanmar","Tajwan","Тайвань","Tayvan","Samoa","Самоа","Samoa","Mjanma","Мьянма","Myanma","Chile","Чили","Chili","69a2c5576b2bcb01ed3ea4f7","2026-02-28T10:37:11.920000","2026-07-08T18:19:44.289000","6932c1a5cee41be4b8ef3e6a","mirkhakimadashaliev@gmail.com","false"
"Thailand","Panama","","Costa Rica","https://flagcdn.com/th.svg","North Korea","Tajlandia","Таиланд","Tailand","Kostaryka","Коста-Рика","Kosta-Rika","Korea Północna","Северная Корея","Shimoliy Koreya","Panama","Панама","Panama","69a2c5576b2bcb01ed3ea4fa","2026-02-28T10:37:11.920000","2026-07-08T18:19:44.289000","6932c1a5cee41be4b8ef3e6a","mirkhakimadashaliev@gmail.com","false"
"Tunisia","Algeria","","Turkey","https://flagcdn.com/tn.svg","Morocco","Tunezja","Тунис","Tunis","Turcja","Турция","Turkiya","Maroko","Марокко","Marokko","Algieria","Алжир","Jazoir","69a2c5576b2bcb01ed3ea4ff","2026-02-28T10:37:11.920000","2026-07-08T18:19:44.289000","6932c1a5cee41be4b8ef3e6a","mirkhakimadashaliev@gmail.com","false"
"Uruguay","Israel","","Argentina","https://flagcdn.com/uy.svg","Greece","Urugwaj","Уругвай","Urugvay","Argentyna","Аргентина","Argentina","Grecja","Греция","Gretsiya","Izrael","Израиль","Isroil","69a2c5576b2bcb01ed3ea508","2026-02-28T10:37:11.920000","2026-07-08T18:19:44.289000","6932c1a5cee41be4b8ef3e6a","mirkhakimadashaliev@gmail.com","false"
"Tonga","Turkey","","Samoa","https://flagcdn.com/to.svg","Switzerland","Tonga","Тонга","Tonga","Samoa","Самоа","Samoa","Szwajcaria","Швейцария","Shveytsariya","Turcja","Турция","Turkiya","69a2c5576b2bcb01ed3ea4fd","2026-02-28T10:37:11.920000","2026-07-08T18:19:44.289000","6932c1a5cee41be4b8ef3e6a","mirkhakimadashaliev@gmail.com","false"
"Turkey","Morocco","","Tunisia","https://flagcdn.com/tr.svg","Azerbaijan","Turcja","Турция","Turkiya","Tunezja","Тунис","Tunis","Azerbejdżan","Азербайджан","Ozarbayjon","Maroko","Марокко","Marokko","69a2c5576b2bcb01ed3ea500","2026-02-28T10:37:11.920000","2026-07-08T18:19:44.289000","6932c1a5cee41be4b8ef3e6a","mirkhakimadashaliev@gmail.com","false"
"Guyana","Vanuatu","","Suriname","https://flagcdn.com/gy.svg","Jamaica","Gujana","Гайана","Gayana","Surinam","Суринам","Surinam","Jamajka","Ямайка","Yamayka","Vanuatu","Вануату","Vanuatu","69a2c5576b2bcb01ed3ea493","2026-02-28T10:37:11.919000","2026-07-08T18:19:44.289000","6932c1a5cee41be4b8ef3e6a","mirkhakimadashaliev@gmail.com","false"
"Iceland","Faroe Islands","","Norway","https://flagcdn.com/is.svg","Denmark","Islandia","Исландия","Islandiya","Norwegia","Норвегия","Norvegiya","Dania","Дания","Daniya","Wyspy Owcze","Фарерские острова","Farer orollari","69a2c5576b2bcb01ed3ea498","2026-02-28T10:37:11.919000","2026-07-08T18:19:44.289000","6932c1a5cee41be4b8ef3e6a","mirkhakimadashaliev@gmail.com","false"
"Jordan","Kuwait","","Palestine","https://flagcdn.com/jo.svg","UAE","Jordania","Иордания","Iordaniya","Palestyna","Палестина","Falastin","ZEA","ОАЭ","BAA","Kuwejt","Кувейт","Quvayt","69a2c5576b2bcb01ed3ea4a2","2026-02-28T10:37:11.919000","2026-07-08T18:19:44.289000","6932c1a5cee41be4b8ef3e6a","mirkhakimadashaliev@gmail.com","false"
"Kazakhstan","Sweden","","Palau","https://flagcdn.com/kz.svg","Ukraine","Kazachstan","Казахстан","Qozog'iston","Palau","Палау","Palau","Ukraina","Украина","Ukraina","Szwecja","Швеция","Shvetsiya","69a2c5576b2bcb01ed3ea4a3","2026-02-28T10:37:11.919000","2026-07-08T18:19:44.289000","6932c1a5cee41be4b8ef3e6a","mirkhakimadashaliev@gmail.com","false"
"Norway","Faroe Islands","","Iceland","https://flagcdn.com/no.svg","Denmark","Norwegia","Норвегия","Norvegiya","Islandia","Исландия","Islandiya","Dania","Дания","Daniya","Wyspy Owcze","Фарерские острова","Farer orollari","69a2c5576b2bcb01ed3ea4cd","2026-02-28T10:37:11.919000","2026-07-08T18:19:44.289000","6932c1a5cee41be4b8ef3e6a","mirkhakimadashaliev@gmail.com","false"
"Russia","France","","Netherlands","https://flagcdn.com/ru.svg","Luxembourg","Rosja","Россия","Rossiya","Holandia","Нидерланды","Niderlandlar","Luksemburg","Люксембург","Lyuksemburg","Francja","Франция","Fransiya","69a2c5576b2bcb01ed3ea4db","2026-02-28T10:37:11.919000","2026-07-08T18:19:44.289000","6932c1a5cee41be4b8ef3e6a","mirkhakimadashaliev@gmail.com","false"
"Eritrea","Djibouti","","Ethiopia","https://flagcdn.com/er.svg","Sudan","Erytrea","Эритрея","Eritreya","Etiopia","Эфиопия","Efiopiya","Sudan","Судан","Sudan","Dżibuti","Джибути","Jibuti","69a2c5576b2bcb01ed3ea482","2026-02-28T10:37:11.919000","2026-07-08T18:19:44.289000","6932c1a5cee41be4b8ef3e6a","mirkhakimadashaliev@gmail.com","false"
"Kiribati","Tonga","","British Columbia","https://flagcdn.com/ki.svg","Tuvalu","Kiribati","Кирибати","Kiribati","Kolumbia Brytyjska","Британская Колумбия","Britaniya Kolumbiyasi","Tuvalu","Тувалу","Tuvalu","Tonga","Тонга","Tonga","69a2c5576b2bcb01ed3ea4a5","2026-02-28T10:37:11.919000","2026-07-08T18:19:44.289000","6932c1a5cee41be4b8ef3e6a","mirkhakimadashaliev@gmail.com","false"
"Mongolia","Nepal","","Kazakhstan","https://flagcdn.com/mn.svg","Kyrgyzstan","Mongolia","Монголия","Mongoliya","Kazachstan","Казахстан","Qozog'iston","Kirgistan","Киргизия","Qirg'iziston","Nepal","Непал","Nepal","69a2c5576b2bcb01ed3ea4be","2026-02-28T10:37:11.919000","2026-07-08T18:19:44.289000","6932c1a5cee41be4b8ef3e6a","mirkhakimadashaliev@gmail.com","false"
"Nigeria","Saudi Arabia","","Norfolk Island","https://flagcdn.com/ng.svg","Pakistan","Nigeria","Нигерия","Nigeriya","Wyspa Norfolk","Норфолк","Norfolk oroli","Pakistan","Пакистан","Pokiston","Arabia Saudyjska","Саудовская Аравия","Saudiya Arabistoni","69a2c5576b2bcb01ed3ea4ca","2026-02-28T10:37:11.919000","2026-07-08T18:19:44.289000","6932c1a5cee41be4b8ef3e6a","mirkhakimadashaliev@gmail.com","false"
"Saint Kitts and Nevis","Dominica","","Grenada","https://flagcdn.com/kn.svg","Saint Lucia","Saint Kitts i Nevis","Сент-Китс и Невис","Sent-Kits va Nevis","Grenada","Гренада","Grenada","Saint Lucia","Сент-Люсия","Sent-Lusiya","Dominika","Доминика","Dominika","69a2c5576b2bcb01ed3ea4dd","2026-02-28T10:37:11.919000","2026-07-08T18:19:44.289000","6932c1a5cee41be4b8ef3e6a","mirkhakimadashaliev@gmail.com","false"
"Spain","Andorra","","Portugal","https://flagcdn.com/es.svg","Italy","Hiszpania","Испания","Ispaniya","Portugalia","Португалия","Portugaliya","Włochy","Италия","Italiya","Andora","Андорра","Andorra","69a2c5576b2bcb01ed3ea4f0","2026-02-28T10:37:11.919000","2026-07-08T18:19:44.289000","6932c1a5cee41be4b8ef3e6a","mirkhakimadashaliev@gmail.com","false"
"Grenada","Guyana","","Saint Lucia","https://flagcdn.com/gd.svg","Dominica","Grenada","Гренада","Grenada","Saint Lucia","Сент-Люсия","Sent-Lusiya","Dominika","Доминика","Dominika","Gujana","Гайана","Gayana","69a2c5576b2bcb01ed3ea48f","2026-02-28T10:37:11.919000","2026-07-08T18:19:44.289000","6932c1a5cee41be4b8ef3e6a","mirkhakimadashaliev@gmail.com","false"
"Hungary","Tajikistan","","Italy","https://flagcdn.com/hu.svg","Bulgaria","Węgry","Венгрия","Vengriya","Włochy","Италия","Italiya","Bułgaria","Болгария","Bolgariya","Tadżykistan","Таджикистан","Tojikiston","69a2c5576b2bcb01ed3ea497","2026-02-28T10:37:11.919000","2026-07-08T18:19:44.289000","6932c1a5cee41be4b8ef3e6a","mirkhakimadashaliev@gmail.com","false"
"Kenya","Afghanistan","","South Sudan","https://flagcdn.com/ke.svg","Malawi","Kenia","Кения","Keniya","Sudan Południowy","Южный Судан","Janubiy Sudan","Malawi","Малави","Malavi","Afganistan","Афганистан","Afg‘oniston","69a2c5576b2bcb01ed3ea4a4","2026-02-28T10:37:11.919000","2026-07-08T18:19:44.289000","6932c1a5cee41be4b8ef3e6a","mirkhakimadashaliev@gmail.com","false"
"Malawi","Afghanistan","","Kenya","https://flagcdn.com/mw.svg","South Sudan","Malawi","Малави","Malavi","Kenia","Кения","Keniya","Sudan Południowy","Южный Судан","Janubiy Sudan","Afganistan","Афганистан","Afg‘oniston","69a2c5576b2bcb01ed3ea4b2","2026-02-28T10:37:11.919000","2026-07-08T18:19:44.289000","6932c1a5cee41be4b8ef3e6a","mirkhakimadashaliev@gmail.com","false"
"Mozambique","South Africa","","Angola","https://flagcdn.com/mz.svg","Zimbabwe","Mozambik","Мозамбик","Mozambik","Angola","Ангола","Angola","Zimbabwe","Зимбабве","Zimbabve","Republika Południowej Afryki","Южно-Африканская Республика","Janubiy Afrika Respublikasi","69a2c5576b2bcb01ed3ea4c1","2026-02-28T10:37:11.919000","2026-07-08T18:19:44.289000","6932c1a5cee41be4b8ef3e6a","mirkhakimadashaliev@gmail.com","false"
"Netherlands","Russia","","Luxembourg","https://flagcdn.com/nl.svg","France","Holandia","Нидерланды","Niderlandlar","Luksemburg","Люксембург","Lyuksemburg","Francja","Франция","Fransiya","Rosja","Россия","Rossiya","69a2c5576b2bcb01ed3ea4c6","2026-02-28T10:37:11.919000","2026-07-08T18:19:44.289000","6932c1a5cee41be4b8ef3e6a","mirkhakimadashaliev@gmail.com","false"
"North Korea","Thailand","","South Korea","https://flagcdn.com/kp.svg","Costa Rica","Korea Północna","Северная Корея","Shimoliy Koreya","Korea Południowa","Республика Корея","Janubiy Koreya","Kostaryka","Коста-Рика","Kosta-Rika","Tajlandia","Таиланд","Tailand","69a2c5576b2bcb01ed3ea4cb","2026-02-28T10:37:11.919000","2026-07-08T18:19:44.289000","6932c1a5cee41be4b8ef3e6a","mirkhakimadashaliev@gmail.com","false"
"Palau","Bangladesh","","Japan","https://flagcdn.com/pw.svg","Kazakhstan","Palau","Палау","Palau","Japonia","Япония","Yaponiya","Kazachstan","Казахстан","Qozog'iston","Bangladesz","Бангладеш","Bangladesh","69a2c5576b2bcb01ed3ea4d0","2026-02-28T10:37:11.919000","2026-07-08T18:19:44.289000","6932c1a5cee41be4b8ef3e6a","mirkhakimadashaliev@gmail.com","false"
"Palestine","Kuwait","","Jordan","https://flagcdn.com/ps.svg","UAE","Palestyna","Палестина","Falastin","Jordania","Иордания","Iordaniya","ZEA","ОАЭ","BAA","Kuwejt","Кувейт","Quvayt","69a2c5576b2bcb01ed3ea4d1","2026-02-28T10:37:11.919000","2026-07-08T18:19:44.289000","6932c1a5cee41be4b8ef3e6a","mirkhakimadashaliev@gmail.com","false"
"Fiji","New Zealand","","Tuvalu","https://flagcdn.com/fj.svg","Australia","Fidżi","Фиджи","Fiji","Tuvalu","Тувалу","Tuvalu","Australia","Австралия","Avstraliya","Nowa Zelandia","Новая Зеландия","Yangi Zelandiya","69a2c5576b2bcb01ed3ea486","2026-02-28T10:37:11.919000","2026-07-08T18:19:44.574000","6932c1a5cee41be4b8ef3e6a","mirkhakimadashaliev@gmail.com","false"
"Finland","Iceland","","Greece","https://flagcdn.com/fi.svg","Scotland","Finlandia","Финляндия","Finlandiya","Grecja","Греция","Gretsiya","Szkocja","Шотландия","Shotlandiya","Islandia","Исландия","Islandiya","69a2c5576b2bcb01ed3ea487","2026-02-28T10:37:11.919000","2026-07-08T18:19:44.574000","6932c1a5cee41be4b8ef3e6a","mirkhakimadashaliev@gmail.com","false"
"Ghana","Senegal","","Bolivia","https://flagcdn.com/gh.svg","Ethiopia","Ghana","Гана","Gana","Boliwia","Боливия","Boliviya","Etiopia","Эфиопия","Efiopiya","Senegal","Сенегал","Senegal","69a2c5576b2bcb01ed3ea48d","2026-02-28T10:37:11.919000","2026-07-08T18:19:44.574000","6932c1a5cee41be4b8ef3e6a","mirkhakimadashaliev@gmail.com","false"
"Guatemala","El Salvador","","Argentina","https://flagcdn.com/gt.svg","Honduras","Gwatemala","Гватемала","Gvatemala","Argentyna","Аргентина","Argentina","Honduras","Гондурас","Gonduras","Salwador","Сальвадор","Salvador","69a2c5576b2bcb01ed3ea490","2026-02-28T10:37:11.919000","2026-07-08T18:19:44.574000","6932c1a5cee41be4b8ef3e6a","mirkhakimadashaliev@gmail.com","false"
"Iran","Italy","","Tajikistan","https://flagcdn.com/ir.svg","Hungary","Iran","Иран","Eron","Tadżykistan","Таджикистан","Tojikiston","Węgry","Венгрия","Vengriya","Włochy","Италия","Italiya","69a2c5576b2bcb01ed3ea49b","2026-02-28T10:37:11.919000","2026-07-08T18:19:44.574000","6932c1a5cee41be4b8ef3e6a","mirkhakimadashaliev@gmail.com","false"
"Lesotho","Gabon","","Sierra Leone","https://flagcdn.com/ls.svg","Uzbekistan","Lesotho","Лесото","Lesoto","Sierra Leone","Сьерра-Леоне","Syerra-Leone","Uzbekistan","Узбекистан","O'zbekiston","Gabon","Габон","Gabon","69a2c5576b2bcb01ed3ea4ab","2026-02-28T10:37:11.919000","2026-07-08T18:19:44.574000","6932c1a5cee41be4b8ef3e6a","mirkhakimadashaliev@gmail.com","false"
"Liechtenstein","Monaco","","Haiti","https://flagcdn.com/li.svg","Luxembourg","Liechtenstein","Лихтенштейн","Lixtenshteyn","Haiti","Гаити","Gaiti","Luksemburg","Люксембург","Lyuksemburg","Monako","Монако","Monako","69a2c5576b2bcb01ed3ea4ae","2026-02-28T10:37:11.919000","2026-07-08T18:19:44.574000","6932c1a5cee41be4b8ef3e6a","mirkhakimadashaliev@gmail.com","false"
"Maldives","Turkey","","Mauritania","https://flagcdn.com/mv.svg","Comoros","Malediwy","Мальдивы","Maldiv orollari","Mauretania","Мавритания","Mavritaniya","Komory","Коморы","Komor orollari","Turcja","Турция","Turkiya","69a2c5576b2bcb01ed3ea4b4","2026-02-28T10:37:11.919000","2026-07-08T18:19:44.574000","6932c1a5cee41be4b8ef3e6a","mirkhakimadashaliev@gmail.com","false"
"Monaco","Singapore","","Indonesia","https://flagcdn.com/mc.svg","Poland","Monako","Монако","Monako","Indonezja","Индонезия","Indoneziya","Polska","Польша","Polsha","Singapur","Сингапур","Singapur","69a2c5576b2bcb01ed3ea4bd","2026-02-28T10:37:11.919000","2026-07-08T18:19:44.574000","6932c1a5cee41be4b8ef3e6a","mirkhakimadashaliev@gmail.com","false"
"Panama","Cuba","","Dominican Republic","https://flagcdn.com/pa.svg","Costa Rica","Panama","Панама","Panama","Dominikana","Доминиканская Республика","Dominikana Respublikasi","Kostaryka","Коста-Рика","Kosta-Rika","Kuba","Куба","Kuba","69a2c5576b2bcb01ed3ea4d2","2026-02-28T10:37:11.919000","2026-07-08T18:19:44.574000","6932c1a5cee41be4b8ef3e6a","mirkhakimadashaliev@gmail.com","false"
"Philippines","Puerto Rico","","Czechia","https://flagcdn.com/ph.svg","Cuba","Filipiny","Филиппины","Filippin","Czechy","Чехия","Chexiya","Kuba","Куба","Kuba","Portoryko","Пуэрто-Рико","Puerto-Riko","69a2c5576b2bcb01ed3ea4d6","2026-02-28T10:37:11.919000","2026-07-08T18:19:44.574000","6932c1a5cee41be4b8ef3e6a","mirkhakimadashaliev@gmail.com","false"
"Saint Lucia","Saint Vincent","","Bahamas","https://flagcdn.com/lc.svg","Grenada","Saint Lucia","Сент-Люсия","Sent-Lusiya","Bahamy","Багамы","Bagama orollari","Grenada","Гренада","Grenada","Saint Vincent i Grenadyny","Сент-Винсент и Гренадины","Sent-Vinsent va Grenadinlar","69a2c5576b2bcb01ed3ea4de","2026-02-28T10:37:11.919000","2026-07-08T18:19:44.574000","6932c1a5cee41be4b8ef3e6a","mirkhakimadashaliev@gmail.com","false"
"San Marino","Uruguay","","Holy See","https://flagcdn.com/sm.svg","Argentina","San Marino","Сан-Марино","San-Marino","Watykan","Святой Престол","Vatikan","Argentyna","Аргентина","Argentina","Urugwaj","Уругвай","Urugvay","69a2c5576b2bcb01ed3ea4e1","2026-02-28T10:37:11.919000","2026-07-08T18:19:44.574000","6932c1a5cee41be4b8ef3e6a","mirkhakimadashaliev@gmail.com","false"
"Sao Tome and Principe","Guinea","","Togo","https://flagcdn.com/st.svg","Benin","Wyspy Świętego Tomasza i Książęca","Сан-Томе и Принсипи","San-Tome va Prinsipi","Togo","Того","Togo","Benin","Бенин","Benin","Gwinea","Гвинея","Gvineya","69a2c5576b2bcb01ed3ea4e2","2026-02-28T10:37:11.919000","2026-07-08T18:19:44.574000","6932c1a5cee41be4b8ef3e6a","mirkhakimadashaliev@gmail.com","false"
"Saudi Arabia","Brazil","","Nigeria","https://flagcdn.com/sa.svg","Pakistan","Arabia Saudyjska","Саудовская Аравия","Saudiya Arabistoni","Nigeria","Нигерия","Nigeriya","Pakistan","Пакистан","Pokiston","Brazylia","Бразилия","Braziliya","69a2c5576b2bcb01ed3ea4e3","2026-02-28T10:37:11.919000","2026-07-08T18:19:44.574000","6932c1a5cee41be4b8ef3e6a","mirkhakimadashaliev@gmail.com","false"
"Seychelles","South Africa","","Mauritius","https://flagcdn.com/sc.svg","Comoros","Seszele","Сейшельские Острова","Seyshell orollari","Mauritius","Маврикий","Mavrikiy","Komory","Коморы","Komor orollari","Republika Południowej Afryki","Южно-Африканская Республика","Janubiy Afrika Respublikasi","69a2c5576b2bcb01ed3ea4e6","2026-02-28T10:37:11.919000","2026-07-08T18:19:44.574000","6932c1a5cee41be4b8ef3e6a","mirkhakimadashaliev@gmail.com","false"
"Slovenia","Russia","","Slovakia","https://flagcdn.com/si.svg","Serbia","Słowenia","Словения","Sloveniya","Słowacja","Словакия","Slovakiya","Serbia","Сербия","Serbiya","Rosja","Россия","Rossiya","69a2c5576b2bcb01ed3ea4ea","2026-02-28T10:37:11.919000","2026-07-08T18:19:44.574000","6932c1a5cee41be4b8ef3e6a","mirkhakimadashaliev@gmail.com","false"
"Greece","Israel","","Uruguay","https://flagcdn.com/gr.svg","Finland","Grecja","Греция","Gretsiya","Urugwaj","Уругвай","Urugvay","Finlandia","Финляндия","Finlandiya","Izrael","Израиль","Isroil","69a2c5576b2bcb01ed3ea48e","2026-02-28T10:37:11.919000","2026-07-08T18:19:44.574000","6932c1a5cee41be4b8ef3e6a","mirkhakimadashaliev@gmail.com","false"
"Laos","Belize","","Cambodia","https://flagcdn.com/la.svg","Thailand","Laos","Лаос","Laos","Kambodża","Камбоджа","Kambodja","Tajlandia","Таиланд","Tailand","Belize","Белиз","Beliz","69a2c5576b2bcb01ed3ea4a8","2026-02-28T10:37:11.919000","2026-07-08T18:19:44.574000","6932c1a5cee41be4b8ef3e6a","mirkhakimadashaliev@gmail.com","false"
"North Macedonia","Albania","","Kyrgyzstan","https://flagcdn.com/mk.svg","Montenegro","Macedonia Północna","Северная Македония","Shimoliy Makedoniya","Kirgistan","Киргизия","Qirg'iziston","Czarnogóra","Черногория","Chernogoriya","Albania","Албания","Albaniya","69a2c5576b2bcb01ed3ea4cc","2026-02-28T10:37:11.919000","2026-07-08T18:19:44.574000","6932c1a5cee41be4b8ef3e6a","mirkhakimadashaliev@gmail.com","false"
"Papua New Guinea","Solomon Islands","","East Timor","https://flagcdn.com/pg.svg","Trinidad","Papua-Nowa Gwinea","Папуа — Новая Гвинея","Papua-Yangi Gvineya","Timor Wschodni","Восточный Тимор","Sharqiy Timor","Trynidad","Тринидад","Trinidad","Wyspy Salomona","Соломоновы Острова","Solomon orollari","69a2c5576b2bcb01ed3ea4d3","2026-02-28T10:37:11.919000","2026-07-08T18:19:44.574000","6932c1a5cee41be4b8ef3e6a","mirkhakimadashaliev@gmail.com","false"
"Saint Vincent","Rwanda","","Saint Lucia","https://flagcdn.com/vc.svg","Grenada","Saint Vincent i Grenadyny","Сент-Винсент и Гренадины","Sent-Vinsent va Grenadinlar","Saint Lucia","Сент-Люсия","Sent-Lusiya","Grenada","Гренада","Grenada","Rwanda","Руанда","Ruanda","69a2c5576b2bcb01ed3ea4df","2026-02-28T10:37:11.919000","2026-07-08T18:19:44.574000","6932c1a5cee41be4b8ef3e6a","mirkhakimadashaliev@gmail.com","false"
"Serbia","Croatia","","Slovakia","https://flagcdn.com/rs.svg","Slovenia","Serbia","Сербия","Serbiya","Słowacja","Словакия","Slovakiya","Słowenia","Словения","Sloveniya","Chorwacja","Хорватия","Xorvatiya","69a2c5576b2bcb01ed3ea4e5","2026-02-28T10:37:11.919000","2026-07-08T18:19:44.574000","6932c1a5cee41be4b8ef3e6a","mirkhakimadashaliev@gmail.com","false"
"Slovakia","Russia","","Slovenia","https://flagcdn.com/sk.svg","Serbia","Słowacja","Словакия","Slovakiya","Słowenia","Словения","Sloveniya","Serbia","Сербия","Serbiya","Rosja","Россия","Rossiya","69a2c5576b2bcb01ed3ea4e9","2026-02-28T10:37:11.919000","2026-07-08T18:19:44.574000","6932c1a5cee41be4b8ef3e6a","mirkhakimadashaliev@gmail.com","false"
"South Africa","Botswana","","Namibia","https://flagcdn.com/za.svg","Zimbabwe","Republika Południowej Afryki","Южно-Африканская Республика","Janubiy Afrika Respublikasi","Namibia","Намибия","Namibiya","Zimbabwe","Зимбабве","Zimbabve","Botswana","Ботсвана","Botsvana","69a2c5576b2bcb01ed3ea4ed","2026-02-28T10:37:11.919000","2026-07-08T18:19:44.574000","6932c1a5cee41be4b8ef3e6a","mirkhakimadashaliev@gmail.com","false"
"Sudan","Palestine","","South Sudan","https://flagcdn.com/sd.svg","Jordan","Sudan","Судан","Sudan","Sudan Południowy","Южный Судан","Janubiy Sudan","Jordania","Иордания","Iordaniya","Palestyna","Палестина","Falastin","69a2c5576b2bcb01ed3ea4f2","2026-02-28T10:37:11.919000","2026-07-08T18:19:44.574000","6932c1a5cee41be4b8ef3e6a","mirkhakimadashaliev@gmail.com","false"
"Mali","Cameroon","","Guinea","https://flagcdn.com/ml.svg","Senegal","Mali","Мали","Mali","Gwinea","Гвинея","Gvineya","Senegal","Сенегал","Senegal","Kamerun","Камерун","Kamerun","69a2c5576b2bcb01ed3ea4b5","2026-02-28T10:37:11.919000","2026-07-08T18:19:44.574000","6932c1a5cee41be4b8ef3e6a","mirkhakimadashaliev@gmail.com","false"
"Micronesia","DR Congo","","Somalia","https://flagcdn.com/fm.svg","Vietnam","Mikronezja","Микронезия","Mikroneziya","Somalia","Сомали","Somali","Wietnam","Вьетнам","Vyetnam","Demokratyczna Republika Konga","Демократическая Республика Конго","Kongo Demokratik Respublikasi","69a2c5576b2bcb01ed3ea4bb","2026-02-28T10:37:11.919000","2026-07-08T18:19:44.574000","6932c1a5cee41be4b8ef3e6a","mirkhakimadashaliev@gmail.com","false"
"Montenegro","Kosovo","","Albania","https://flagcdn.com/me.svg","North Macedonia","Czarnogóra","Черногория","Chernogoriya","Albania","Албания","Albaniya","Macedonia Północna","Северная Македония","Shimoliy Makedoniya","Kosowo","Косово","Kosovo","69a2c5576b2bcb01ed3ea4bf","2026-02-28T10:37:11.919000","2026-07-08T18:19:44.574000","6932c1a5cee41be4b8ef3e6a","mirkhakimadashaliev@gmail.com","false"
"Nepal","Sikkim","","Bhutan","https://flagcdn.com/np.svg","Tibet","Nepal","Непал","Nepal","Bhutan","Бутан","Butan","Tybet","Тибет","Tibet","Sikkim","Сикким","Sikkim","69a2c5576b2bcb01ed3ea4c5","2026-02-28T10:37:11.919000","2026-07-08T18:19:44.574000","6932c1a5cee41be4b8ef3e6a","mirkhakimadashaliev@gmail.com","false"
"Nicaragua","Guatemala","","El Salvador","https://flagcdn.com/ni.svg","Honduras","Nikaragua","Никарагуа","Nikaragua","Salwador","Сальвадор","Salvador","Honduras","Гондурас","Gonduras","Gwatemala","Гватемала","Gvatemala","69a2c5576b2bcb01ed3ea4c8","2026-02-28T10:37:11.919000","2026-07-08T18:19:44.574000","6932c1a5cee41be4b8ef3e6a","mirkhakimadashaliev@gmail.com","false"
"Qatar","Jordan","","Bahrain","https://flagcdn.com/qa.svg","UAE","Katar","Катар","Qatar","Bahrajn","Бахрейн","Bahrayn","ZEA","ОАЭ","BAA","Jordania","Иордания","Iordaniya","69a2c5576b2bcb01ed3ea4d9","2026-02-28T10:37:11.919000","2026-07-08T18:19:44.574000","6932c1a5cee41be4b8ef3e6a","mirkhakimadashaliev@gmail.com","false"
"Solomon Islands","Papua New Guinea","","Vanuatu","https://flagcdn.com/sb.svg","Fiji","Wyspy Salomona","Соломоновы Острова","Solomon orollari","Vanuatu","Вануату","Vanuatu","Fidżi","Фиджи","Fiji","Papua-Nowa Gwinea","Папуа — Новая Гвинея","Papua-Yangi Gvineya","69a2c5576b2bcb01ed3ea4eb","2026-02-28T10:37:11.919000","2026-07-08T18:19:44.574000","6932c1a5cee41be4b8ef3e6a","mirkhakimadashaliev@gmail.com","false"
"Somalia","DR Congo","","Micronesia","https://flagcdn.com/so.svg","Vietnam","Somalia","Сомали","Somali","Mikronezja","Микронезия","Mikroneziya","Wietnam","Вьетнам","Vyetnam","Demokratyczna Republika Konga","Демократическая Республика Конго","Kongo Demokratik Respublikasi","69a2c5576b2bcb01ed3ea4ec","2026-02-28T10:37:11.919000","2026-07-08T18:19:44.574000","6932c1a5cee41be4b8ef3e6a","mirkhakimadashaliev@gmail.com","false"
"Mauritania","Comoros","","Maldives","https://flagcdn.com/mr.svg","Pakistan","Mauretania","Мавритания","Mavritaniya","Malediwy","Мальдивы","Maldiv orollari","Pakistan","Пакистан","Pokiston","Komory","Коморы","Komor orollari","69a2c5576b2bcb01ed3ea4b8","2026-02-28T10:37:11.919000","2026-07-08T18:19:44.574000","6932c1a5cee41be4b8ef3e6a","mirkhakimadashaliev@gmail.com","false"
"New Zealand","Cook Islands","","Australia","https://flagcdn.com/nz.svg","United Kingdom","Nowa Zelandia","Новая Зеландия","Yangi Zelandiya","Australia","Австралия","Avstraliya","Wielka Brytania","Великобритания","Buyuk Britaniya","Wyspy Cooka","Острова Кука","Kuk orollari","69a2c5576b2bcb01ed3ea4c7","2026-02-28T10:37:11.919000","2026-07-08T18:19:44.574000","6932c1a5cee41be4b8ef3e6a","mirkhakimadashaliev@gmail.com","false"
"France","Russia","","Netherlands","https://flagcdn.com/fr.svg","Luxembourg","Francja","Франция","Fransiya","Holandia","Нидерланды","Niderlandlar","Luksemburg","Люксембург","Lyuksemburg","Rosja","Россия","Rossiya","69a2c5576b2bcb01ed3ea488","2026-02-28T10:37:11.919000","2026-07-08T18:19:44.574000","6932c1a5cee41be4b8ef3e6a","mirkhakimadashaliev@gmail.com","false"
"Gabon","Rwanda","","Sierra Leone","https://flagcdn.com/ga.svg","Uzbekistan","Gabon","Габон","Gabon","Sierra Leone","Сьерра-Леоне","Syerra-Leone","Uzbekistan","Узбекистан","O'zbekiston","Rwanda","Руанда","Ruanda","69a2c5576b2bcb01ed3ea489","2026-02-28T10:37:11.919000","2026-07-08T18:19:44.574000","6932c1a5cee41be4b8ef3e6a","mirkhakimadashaliev@gmail.com","false"
"Israel","Argentina","","Greece","https://flagcdn.com/il.svg","Uruguay","Izrael","Израиль","Isroil","Grecja","Греция","Gretsiya","Urugwaj","Уругвай","Urugvay","Argentyna","Аргентина","Argentina","69a2c5576b2bcb01ed3ea49e","2026-02-28T10:37:11.919000","2026-07-08T18:19:44.574000","6932c1a5cee41be4b8ef3e6a","mirkhakimadashaliev@gmail.com","false"
"Marshall Islands","Micronesia","","Nauru","https://flagcdn.com/mh.svg","Palau","Wyspy Marshalla","Маршалловы Острова","Marshall Orollari","Nauru","Науру","Nauru","Palau","Палау","Palau","Mikronezja","Микронезия","Mikroneziya","69a2c5576b2bcb01ed3ea4b7","2026-02-28T10:37:11.919000","2026-07-08T18:19:44.574000","6932c1a5cee41be4b8ef3e6a","mirkhakimadashaliev@gmail.com","false"
"Nauru","Micronesia","","Marshall Islands","https://flagcdn.com/nr.svg","Palau","Nauru","Науру","Nauru","Wyspy Marshalla","Маршалловы Острова","Marshall Orollari","Palau","Палау","Palau","Mikronezja","Микронезия","Mikroneziya","69a2c5576b2bcb01ed3ea4c4","2026-02-28T10:37:11.919000","2026-07-08T18:19:44.574000","6932c1a5cee41be4b8ef3e6a","mirkhakimadashaliev@gmail.com","false"
"Rwanda","Uzbekistan","","Burundi","https://flagcdn.com/rw.svg","Gabon","Rwanda","Руанда","Ruanda","Burundi","Бурунди","Burundi","Gabon","Габон","Gabon","Uzbekistan","Узбекистан","O'zbekiston","69a2c5576b2bcb01ed3ea4dc","2026-02-28T10:37:11.919000","2026-07-08T18:19:44.574000","6932c1a5cee41be4b8ef3e6a","mirkhakimadashaliev@gmail.com","false"
"Indonesia","Singapore","","Monaco","https://flagcdn.com/id.svg","Poland","Indonezja","Индонезия","Indoneziya","Monako","Монако","Monako","Polska","Польша","Polsha","Singapur","Сингапур","Singapur","69a2c5576b2bcb01ed3ea49a","2026-02-28T10:37:11.919000","2026-07-08T18:19:44.574000","6932c1a5cee41be4b8ef3e6a","mirkhakimadashaliev@gmail.com","false"
"Malta","Indonesia","","Poland","https://flagcdn.com/mt.svg","Monaco","Malta","Мальта","Malta","Polska","Польша","Polsha","Monako","Монако","Monako","Indonezja","Индонезия","Indoneziya","69a2c5576b2bcb01ed3ea4b6","2026-02-28T10:37:11.919000","2026-07-08T18:19:44.574000","6932c1a5cee41be4b8ef3e6a","mirkhakimadashaliev@gmail.com","false"
"Mauritius","Comoros","","Gambia","https://flagcdn.com/mu.svg","Seychelles","Mauritius","Маврикий","Mavrikiy","Gambia","Гамбия","Gambia","Seszele","Сейшельские Острова","Seyshell orollari","Komory","Коморы","Komor orollari","69a2c5576b2bcb01ed3ea4b9","2026-02-28T10:37:11.919000","2026-07-08T18:19:44.574000","6932c1a5cee41be4b8ef3e6a","mirkhakimadashaliev@gmail.com","false"
"Niger","Ivory Coast","","India","https://flagcdn.com/ne.svg","Ireland","Niger","Нигер","Niger","Indie","Индия","Hindiston","Irlandia","Ирландия","Irlandiya","Wybrzeże Kości Słoniowej","Кот-д’Ивуар","Kot-d'Ivuar","69a2c5576b2bcb01ed3ea4c9","2026-02-28T10:37:11.919000","2026-07-08T18:19:44.574000","6932c1a5cee41be4b8ef3e6a","mirkhakimadashaliev@gmail.com","false"
"Peru","Lebanon","","Austria","https://flagcdn.com/pe.svg","Canada","Peru","Перу","Peru","Austria","Австрия","Avstriya","Kanada","Канада","Kanada","Liban","Ливан","Livan","69a2c5576b2bcb01ed3ea4d5","2026-02-28T10:37:11.919000","2026-07-08T18:19:44.574000","6932c1a5cee41be4b8ef3e6a","mirkhakimadashaliev@gmail.com","false"
"Sri Lanka","Maldives","","Bhutan","https://flagcdn.com/lk.svg","India","Sri Lanka","Шри-Ланка","Shri-Lanka","Bhutan","Бутан","Butan","Indie","Индия","Hindiston","Malediwy","Мальдивы","Maldiv orollari","69a2c5576b2bcb01ed3ea4f1","2026-02-28T10:37:11.919000","2026-07-08T18:19:44.574000","6932c1a5cee41be4b8ef3e6a","mirkhakimadashaliev@gmail.com","false"
"Ethiopia","Senegal","","Bolivia","https://flagcdn.com/et.svg","Ghana","Etiopia","Эфиопия","Efiopiya","Boliwia","Боливия","Boliviya","Ghana","Гана","Gana","Senegal","Сенегал","Senegal","69a2c5576b2bcb01ed3ea485","2026-02-28T10:37:11.919000","2026-07-08T18:19:44.574000","6932c1a5cee41be4b8ef3e6a","mirkhakimadashaliev@gmail.com","false"
"Guinea","Benin","","Mali","https://flagcdn.com/gn.svg","Senegal","Gwinea","Гвинея","Gvineya","Mali","Мали","Mali","Senegal","Сенегал","Senegal","Benin","Бенин","Benin","69a2c5576b2bcb01ed3ea491","2026-02-28T10:37:11.919000","2026-07-08T18:19:44.574000","6932c1a5cee41be4b8ef3e6a","mirkhakimadashaliev@gmail.com","false"
"Guinea-Bissau","Ghana","","Benin","https://flagcdn.com/gw.svg","Togo","Gwinea Bissau","Гвинея-Бисау","Gvineya-Bisau","Benin","Бенин","Benin","Togo","Того","Togo","Ghana","Гана","Gana","69a2c5576b2bcb01ed3ea492","2026-02-28T10:37:11.919000","2026-07-08T18:19:44.795000","6932c1a5cee41be4b8ef3e6a","mirkhakimadashaliev@gmail.com","false"
"Libya","Mauritania","","Pakistan","https://flagcdn.com/ly.svg","Azerbaijan","Libia","Ливия","Liviya","Pakistan","Пакистан","Pokiston","Azerbejdżan","Азербайджан","Ozarbayjon","Mauretania","Мавритания","Mavritaniya","69a2c5576b2bcb01ed3ea4ad","2026-02-28T10:37:11.919000","2026-07-08T18:19:44.795000","6932c1a5cee41be4b8ef3e6a","mirkhakimadashaliev@gmail.com","false"
"Madagascar","Benin","","Belarus","https://flagcdn.com/mg.svg","Oman","Madagaskar","Мадагаскар","Madagaskar","Białoruś","Беларусь","Belarus","Oman","Оман","Ummon","Benin","Бенин","Benin","69a2c5576b2bcb01ed3ea4b1","2026-02-28T10:37:11.919000","2026-07-08T18:19:44.795000","6932c1a5cee41be4b8ef3e6a","mirkhakimadashaliev@gmail.com","false"
"Moldova","Chad","","Romania","https://flagcdn.com/md.svg","Andorra","Mołdawia","Молдавия","Moldova","Rumunia","Румыния","Ruminiya","Andora","Андорра","Andorra","Czad","Чад","Chad","69a2c5576b2bcb01ed3ea4bc","2026-02-28T10:37:11.919000","2026-07-08T18:19:44.795000","6932c1a5cee41be4b8ef3e6a","mirkhakimadashaliev@gmail.com","false"
"Namibia","Zimbabwe","","DR Congo","https://flagcdn.com/na.svg","South Africa","Namibia","Намибия","Namibiya","Demokratyczna Republika Konga","Демократическая Республика Конго","Kongo Demokratik Respublikasi","Republika Południowej Afryki","Южно-Африканская Республика","Janubiy Afrika Respublikasi","Zimbabwe","Зимбабве","Zimbabve","69a2c5576b2bcb01ed3ea4c3","2026-02-28T10:37:11.919000","2026-07-08T18:19:44.795000","6932c1a5cee41be4b8ef3e6a","mirkhakimadashaliev@gmail.com","false"
"Pakistan","Libya","","Algeria","https://flagcdn.com/pk.svg","Mauritania","Pakistan","Пакистан","Pokiston","Algieria","Алжир","Jazoir","Mauretania","Мавритания","Mavritaniya","Libia","Ливия","Liviya","69a2c5576b2bcb01ed3ea4cf","2026-02-28T10:37:11.919000","2026-07-08T18:19:44.795000","6932c1a5cee41be4b8ef3e6a","mirkhakimadashaliev@gmail.com","false"
"Sierra Leone","Lesotho","","Uzbekistan","https://flagcdn.com/sl.svg","Gabon","Sierra Leone","Сьерра-Леоне","Syerra-Leone","Uzbekistan","Узбекистан","O'zbekiston","Gabon","Габон","Gabon","Lesotho","Лесото","Lesoto","69a2c5576b2bcb01ed3ea4e7","2026-02-28T10:37:11.919000","2026-07-08T18:19:44.795000","6932c1a5cee41be4b8ef3e6a","mirkhakimadashaliev@gmail.com","false"
"South Sudan","Ethiopia","","Kenya","https://flagcdn.com/ss.svg","Sudan","Sudan Południowy","Южный Судан","Janubiy Sudan","Kenia","Кения","Keniya","Sudan","Судан","Sudan","Etiopia","Эфиопия","Efiopiya","69a2c5576b2bcb01ed3ea4ef","2026-02-28T10:37:11.919000","2026-07-08T18:19:44.795000","6932c1a5cee41be4b8ef3e6a","mirkhakimadashaliev@gmail.com","false"
"Germany","Egypt","","Belgium","https://flagcdn.com/de.svg","Yemen","Niemcy","Германия","Germaniya","Belgia","Бельгия","Belgiya","Jemen","Йемен","Yaman","Egipt","Египет","Misr","69a2c5576b2bcb01ed3ea48c","2026-02-28T10:37:11.919000","2026-07-08T18:19:44.795000","6932c1a5cee41be4b8ef3e6a","mirkhakimadashaliev@gmail.com","false"
"Kyrgyzstan","Albania","","Macedonia","https://flagcdn.com/kg.svg","Montenegro","Kirgistan","Киргизия","Qirg'iziston","Macedonia","Македония","Macedoniya","Czarnogóra","Черногория","Chernogoriya","Albania","Албания","Albaniya","69a2c5576b2bcb01ed3ea4a7","2026-02-28T10:37:11.919000","2026-07-08T18:19:44.795000","6932c1a5cee41be4b8ef3e6a","mirkhakimadashaliev@gmail.com","false"
"Liberia","Malaysia","","USA","https://flagcdn.com/lr.svg","Chile","Liberia","Либерия","Liberiya","USA","США","AQSH","Chile","Чили","Chili","Malezja","Малайзия","Malayziya","69a2c5576b2bcb01ed3ea4ac","2026-02-28T10:37:11.919000","2026-07-08T18:19:44.795000","6932c1a5cee41be4b8ef3e6a","mirkhakimadashaliev@gmail.com","false"
"Mexico","Hungary","","Italy","https://flagcdn.com/mx.svg","Ireland","Meksyk","Мексика","Meksika","Włochy","Италия","Italiya","Irlandia","Ирландия","Irlandiya","Węgry","Венгрия","Vengriya","69a2c5576b2bcb01ed3ea4ba","2026-02-28T10:37:11.919000","2026-07-08T18:19:44.795000","6932c1a5cee41be4b8ef3e6a","mirkhakimadashaliev@gmail.com","false"
"Senegal","Guinea","","Mali","https://flagcdn.com/sn.svg","Cameroon","Senegal","Сенегал","Senegal","Mali","Мали","Mali","Kamerun","Камерун","Kamerun","Gwinea","Гвинея","Gvineya","69a2c5576b2bcb01ed3ea4e4","2026-02-28T10:37:11.919000","2026-07-08T18:19:44.795000","6932c1a5cee41be4b8ef3e6a","mirkhakimadashaliev@gmail.com","false"
"Eswatini","Kenya","","South Africa","https://flagcdn.com/sz.svg","Lesotho","Eswatini","Эсватини","Esvatini","Republika Południowej Afryki","Южно-Африканская Республика","Janubiy Afrika Respublikasi","Lesotho","Лесото","Lesoto","Kenia","Кения","Keniya","69a2c5576b2bcb01ed3ea484","2026-02-28T10:37:11.919000","2026-07-08T18:19:44.795000","6932c1a5cee41be4b8ef3e6a","mirkhakimadashaliev@gmail.com","false"
"Haiti","Cuba","","Liechtenstein","https://flagcdn.com/ht.svg","Dominican Republic","Haiti","Гаити","Gaiti","Liechtenstein","Лихтенштейн","Lixtenshteyn","Dominikana","Доминиканская Республика","Dominikana Respublikasi","Kuba","Куба","Kuba","69a2c5576b2bcb01ed3ea494","2026-02-28T10:37:11.919000","2026-07-08T18:19:44.795000","6932c1a5cee41be4b8ef3e6a","mirkhakimadashaliev@gmail.com","false"
"Holy See","Monaco","","San Marino","https://flagcdn.com/va.svg","Switzerland","Watykan","Святой Престол","Vatikan","San Marino","Сан-Марино","San-Marino","Szwajcaria","Швейцария","Shveytsariya","Monako","Монако","Monako","69a2c5576b2bcb01ed3ea495","2026-02-28T10:37:11.919000","2026-07-08T18:19:44.795000","6932c1a5cee41be4b8ef3e6a","mirkhakimadashaliev@gmail.com","false"
"Jamaica","Burundi","","Tanzania","https://flagcdn.com/jm.svg","Scotland","Jamajka","Ямайка","Yamayka","Tanzania","Танзания","Tanzaniya","Szkocja","Шотландия","Shotlandiya","Burundi","Бурунди","Burundi","69a2c5576b2bcb01ed3ea4a0","2026-02-28T10:37:11.919000","2026-07-08T18:19:44.795000","6932c1a5cee41be4b8ef3e6a","mirkhakimadashaliev@gmail.com","false"
"South Korea","Taiwan","","Japan","https://flagcdn.com/kr.svg","North Korea","Korea Południowa","Республика Корея","Janubiy Koreya","Japonia","Япония","Yaponiya","Korea Północna","Северная Корея","Shimoliy Koreya","Tajwan","Тайвань","Tayvan","69a2c5576b2bcb01ed3ea4ee","2026-02-28T10:37:11.919000","2026-07-08T18:19:44.795000","6932c1a5cee41be4b8ef3e6a","mirkhakimadashaliev@gmail.com","false"
"Honduras","Argentina","","Nicaragua","https://flagcdn.com/hn.svg","El Salvador","Honduras","Гондурас","Gonduras","Nikaragua","Никарагуа","Nikaragua","Salwador","Сальвадор","Salvador","Argentyna","Аргентина","Argentina","69a2c5576b2bcb01ed3ea496","2026-02-28T10:37:11.919000","2026-07-08T18:19:44.795000","6932c1a5cee41be4b8ef3e6a","mirkhakimadashaliev@gmail.com","false"
"Ireland","India","","Ivory Coast","https://flagcdn.com/ie.svg","Italy","Irlandia","Ирландия","Irlandiya","Wybrzeże Kości Słoniowej","Кот-д’Ивуар","Kot-d'Ivuar","Włochy","Италия","Italiya","Indie","Индия","Hindiston","69a2c5576b2bcb01ed3ea49d","2026-02-28T10:37:11.919000","2026-07-08T18:19:44.795000","6932c1a5cee41be4b8ef3e6a","mirkhakimadashaliev@gmail.com","false"
"Morocco","Turkey","","Vietnam","https://flagcdn.com/ma.svg","Albania","Maroko","Марокко","Marokko","Wietnam","Вьетнам","Vyetnam","Albania","Албания","Albaniya","Turcja","Турция","Turkiya","69a2c5576b2bcb01ed3ea4c0","2026-02-28T10:37:11.919000","2026-07-08T18:19:44.795000","6932c1a5cee41be4b8ef3e6a","mirkhakimadashaliev@gmail.com","false"
"Myanmar","Ghana","","Lithuania","https://flagcdn.com/mm.svg","Bolivia","Mjanma","Мьянма","Myanma","Litwa","Литва","Litva","Boliwia","Боливия","Boliviya","Ghana","Гана","Gana","69a2c5576b2bcb01ed3ea4c2","2026-02-28T10:37:11.919000","2026-07-08T18:19:44.795000","6932c1a5cee41be4b8ef3e6a","mirkhakimadashaliev@gmail.com","false"
"Paraguay","Luxembourg","","Netherlands","https://flagcdn.com/py.svg","Croatia","Paragwaj","Парагвай","Paragvay","Holandia","Нидерланды","Niderlandlar","Chorwacja","Хорватия","Xorvatiya","Luksemburg","Люксембург","Lyuksemburg","69a2c5576b2bcb01ed3ea4d4","2026-02-28T10:37:11.919000","2026-07-08T18:19:44.795000","6932c1a5cee41be4b8ef3e6a","mirkhakimadashaliev@gmail.com","false"
"Romania","Andorra","","Chad","https://flagcdn.com/ro.svg","Moldova","Rumunia","Румыния","Ruminiya","Czad","Чад","Chad","Mołdawia","Молдавия","Moldova","Andora","Андорра","Andorra","69a2c5576b2bcb01ed3ea4da","2026-02-28T10:37:11.919000","2026-07-08T18:19:44.795000","6932c1a5cee41be4b8ef3e6a","mirkhakimadashaliev@gmail.com","false"
"Singapore","Poland","","Indonesia","https://flagcdn.com/sg.svg","Monaco","Singapur","Сингапур","Singapur","Indonezja","Индонезия","Indoneziya","Monako","Монако","Monako","Polska","Польша","Polsha","69a2c5576b2bcb01ed3ea4e8","2026-02-28T10:37:11.919000","2026-07-08T18:19:44.795000","6932c1a5cee41be4b8ef3e6a","mirkhakimadashaliev@gmail.com","false"
"Estonia","Finland","","Botswana","https://flagcdn.com/ee.svg","Sierra Leone","Estonia","Эстония","Estoniya","Botswana","Ботсвана","Botsvana","Sierra Leone","Сьерра-Леоне","Syerra-Leone","Finlandia","Финляндия","Finlandiya","69a2c5576b2bcb01ed3ea483","2026-02-28T10:37:11.919000","2026-07-08T18:19:44.795000","6932c1a5cee41be4b8ef3e6a","mirkhakimadashaliev@gmail.com","false"
"India","Ivory Coast","","Niger","https://flagcdn.com/in.svg","Ireland","Indie","Индия","Hindiston","Niger","Нигер","Niger","Irlandia","Ирландия","Irlandiya","Wybrzeże Kości Słoniowej","Кот-д’Ивуар","Kot-d'Ivuar","69a2c5576b2bcb01ed3ea499","2026-02-28T10:37:11.919000","2026-07-08T18:19:44.795000","6932c1a5cee41be4b8ef3e6a","mirkhakimadashaliev@gmail.com","false"
"Iraq","Yemen","","Egypt","https://flagcdn.com/iq.svg","Syria","Irak","Ирак","Iroq","Egipt","Египет","Misr","Syria","Сирия","Suriya","Jemen","Йемен","Yaman","69a2c5576b2bcb01ed3ea49c","2026-02-28T10:37:11.919000","2026-07-08T18:19:44.795000","6932c1a5cee41be4b8ef3e6a","mirkhakimadashaliev@gmail.com","false"
"Italy","Hungary","","Ireland","https://flagcdn.com/it.svg","Mexico","Włochy","Италия","Italiya","Irlandia","Ирландия","Irlandiya","Meksyk","Мексика","Meksika","Węgry","Венгрия","Vengriya","69a2c5576b2bcb01ed3ea49f","2026-02-28T10:37:11.919000","2026-07-08T18:19:44.795000","6932c1a5cee41be4b8ef3e6a","mirkhakimadashaliev@gmail.com","false"
"Latvia","Georgia","","Austria","https://flagcdn.com/lv.svg","Qatar","Łotwa","Латвия","Latviya","Austria","Австрия","Avstriya","Katar","Катар","Qatar","Gruzja","Грузия","Gruziya","69a2c5576b2bcb01ed3ea4a9","2026-02-28T10:37:11.919000","2026-07-08T18:19:44.795000","6932c1a5cee41be4b8ef3e6a","mirkhakimadashaliev@gmail.com","false"
"Lebanon","Peru","","Austria","https://flagcdn.com/lb.svg","Canada","Liban","Ливан","Livan","Austria","Австрия","Avstriya","Kanada","Канада","Kanada","Peru","Перу","Peru","69a2c5576b2bcb01ed3ea4aa","2026-02-28T10:37:11.919000","2026-07-08T18:19:44.795000","6932c1a5cee41be4b8ef3e6a","mirkhakimadashaliev@gmail.com","false"
"Luxembourg","Russia","","Netherlands","https://flagcdn.com/lu.svg","France","Luksemburg","Люксембург","Lyuksemburg","Holandia","Нидерланды","Niderlandlar","Francja","Франция","Fransiya","Rosja","Россия","Rossiya","69a2c5576b2bcb01ed3ea4b0","2026-02-28T10:37:11.919000","2026-07-08T18:19:44.795000","6932c1a5cee41be4b8ef3e6a","mirkhakimadashaliev@gmail.com","false"
"Malaysia","Chile","","USA","https://flagcdn.com/my.svg","Liberia","Malezja","Малайзия","Malayziya","USA","США","AQSH","Liberia","Либерия","Liberiya","Chile","Чили","Chili","69a2c5576b2bcb01ed3ea4b3","2026-02-28T10:37:11.919000","2026-07-08T18:19:44.795000","6932c1a5cee41be4b8ef3e6a","mirkhakimadashaliev@gmail.com","false"
"Samoa","Chile","","Taiwan","https://flagcdn.com/ws.svg","Myanmar","Samoa","Самоа","Samoa","Tajwan","Тайвань","Tayvan","Mjanma","Мьянма","Myanma","Chile","Чили","Chili","69a2c5576b2bcb01ed3ea4e0","2026-02-28T10:37:11.919000","2026-07-08T18:19:44.795000","6932c1a5cee41be4b8ef3e6a","mirkhakimadashaliev@gmail.com","false"
"Gambia","Mauritius","","Thailand","https://flagcdn.com/gm.svg","Costa Rica","Gambia","Гамбия","Gambia","Tajlandia","Таиланд","Tailand","Kostaryka","Коста-Рика","Kosta-Rika","Mauritius","Маврикий","Mavrikiy","69a2c5576b2bcb01ed3ea48a","2026-02-28T10:37:11.919000","2026-07-08T18:19:44.795000","6932c1a5cee41be4b8ef3e6a","mirkhakimadashaliev@gmail.com","false"
"Georgia","Canada","","England","https://flagcdn.com/ge.svg","Switzerland","Gruzja","Грузия","Gruziya","Anglia","Англия","Angliya","Szwajcaria","Швейцария","Shveytsariya","Kanada","Канада","Kanada","69a2c5576b2bcb01ed3ea48b","2026-02-28T10:37:11.919000","2026-07-08T18:19:44.795000","6932c1a5cee41be4b8ef3e6a","mirkhakimadashaliev@gmail.com","false"
"Japan","Bangladesh","","South Korea","https://flagcdn.com/jp.svg","Palau","Japonia","Япония","Yaponiya","Korea Południowa","Республика Корея","Janubiy Koreya","Palau","Палау","Palau","Bangladesz","Бангладеш","Bangladesh","69a2c5576b2bcb01ed3ea4a1","2026-02-28T10:37:11.919000","2026-07-08T18:19:44.795000","6932c1a5cee41be4b8ef3e6a","mirkhakimadashaliev@gmail.com","false"
"Kuwait","Palestine","","UAE","https://flagcdn.com/kw.svg","Jordan","Kuwejt","Кувейт","Quvayt","ZEA","ОАЭ","BAA","Jordania","Иордания","Iordaniya","Palestyna","Палестина","Falastin","69a2c5576b2bcb01ed3ea4a6","2026-02-28T10:37:11.919000","2026-07-08T18:19:44.795000","6932c1a5cee41be4b8ef3e6a","mirkhakimadashaliev@gmail.com","false"
"Lithuania","Ghana","","Bolivia","https://flagcdn.com/lt.svg","Myanmar","Litwa","Литва","Litva","Boliwia","Боливия","Boliviya","Mjanma","Мьянма","Myanma","Ghana","Гана","Gana","69a2c5576b2bcb01ed3ea4af","2026-02-28T10:37:11.919000","2026-07-08T18:19:44.795000","6932c1a5cee41be4b8ef3e6a","mirkhakimadashaliev@gmail.com","false"
"Oman","UAE","","Belarus","https://flagcdn.com/om.svg","Madagascar","Oman","Оман","Ummon","Białoruś","Беларусь","Belarus","Madagaskar","Мадагаскар","Madagaskar","ZEA","ОАЭ","BAA","69a2c5576b2bcb01ed3ea4ce","2026-02-28T10:37:11.919000","2026-07-08T18:19:44.795000","6932c1a5cee41be4b8ef3e6a","mirkhakimadashaliev@gmail.com","false"
"Poland","Singapore","","Indonesia","https://flagcdn.com/pl.svg","Monaco","Polska","Польша","Polsha","Indonezja","Индонезия","Indoneziya","Monako","Монако","Monako","Singapur","Сингапур","Singapur","69a2c5576b2bcb01ed3ea4d7","2026-02-28T10:37:11.919000","2026-07-08T18:19:44.795000","6932c1a5cee41be4b8ef3e6a","mirkhakimadashaliev@gmail.com","false"
"Portugal","Morocco","","Brazil","https://flagcdn.com/pt.svg","Spain","Portugalia","Португалия","Portugaliya","Brazylia","Бразилия","Braziliya","Hiszpania","Испания","Ispaniya","Maroko","Марокко","Marokko","69a2c5576b2bcb01ed3ea4d8","2026-02-28T10:37:11.919000","2026-07-08T18:19:44.795000","6932c1a5cee41be4b8ef3e6a","mirkhakimadashaliev@gmail.com","false"
"Canada","Georgia","","Switzerland","https://flagcdn.com/ca.svg","Peru","Kanada","Канада","Kanada","Szwajcaria","Швейцария","Shveytsariya","Peru","Перу","Peru","Gruzja","Грузия","Gruziya","69a2c5576b2bcb01ed3ea46b","2026-02-28T10:37:11.918000","2026-07-08T18:19:44.795000","6932c1a5cee41be4b8ef3e6a","mirkhakimadashaliev@gmail.com","false"
"Colombia","Armenia","","Ecuador","https://flagcdn.com/co.svg","Venezuela","Kolumbia","Колумбия","Kolumbiya","Ekwador","Эквадор","Ekvador","Wenezuela","Венесуэла","Venesuela","Armenia","Армения","Armaniston","69a2c5576b2bcb01ed3ea470","2026-02-28T10:37:11.918000","2026-07-08T18:19:44.795000","6932c1a5cee41be4b8ef3e6a","mirkhakimadashaliev@gmail.com","false"
"Ecuador","Armenia","","Colombia","https://flagcdn.com/ec.svg","Venezuela","Ekwador","Эквадор","Ekvador","Kolumbia","Колумбия","Kolumbiya","Wenezuela","Венесуэла","Venesuela","Armenia","Армения","Armaniston","69a2c5576b2bcb01ed3ea47e","2026-02-28T10:37:11.918000","2026-07-08T18:19:44.795000","6932c1a5cee41be4b8ef3e6a","mirkhakimadashaliev@gmail.com","false"
"Bahrain","Jordan","","Qatar","https://flagcdn.com/bh.svg","UAE","Bahrajn","Бахрейн","Bahrayn","Katar","Катар","Qatar","ZEA","ОАЭ","BAA","Jordania","Иордания","Iordaniya","69a2c5576b2bcb01ed3ea458","2026-02-28T10:37:11.918000","2026-07-08T18:19:44.795000","6932c1a5cee41be4b8ef3e6a","mirkhakimadashaliev@gmail.com","false"
"Belgium","Netherlands","","Germany","https://flagcdn.com/be.svg","France","Belgia","Бельгия","Belgiya","Niemcy","Германия","Germaniya","Francja","Франция","Fransiya","Holandia","Нидерланды","Niderlandlar","69a2c5576b2bcb01ed3ea45c","2026-02-28T10:37:11.918000","2026-07-08T18:19:44.795000","6932c1a5cee41be4b8ef3e6a","mirkhakimadashaliev@gmail.com","false"
"Bolivia","Ethiopia","","Ghana","https://flagcdn.com/bo.svg","Lithuania","Boliwia","Боливия","Boliviya","Ghana","Гана","Gana","Litwa","Литва","Litva","Etiopia","Эфиопия","Efiopiya","69a2c5576b2bcb01ed3ea460","2026-02-28T10:37:11.918000","2026-07-08T18:19:44.795000","6932c1a5cee41be4b8ef3e6a","mirkhakimadashaliev@gmail.com","false"
"Djibouti","Eritrea","","Somalia","https://flagcdn.com/dj.svg","Ethiopia","Dżibuti","Джибути","Jibuti","Somalia","Сомали","Somali","Etiopia","Эфиопия","Efiopiya","Erytrea","Эритрея","Eritreya","69a2c5576b2bcb01ed3ea47b","2026-02-28T10:37:11.918000","2026-07-08T18:19:44.795000","6932c1a5cee41be4b8ef3e6a","mirkhakimadashaliev@gmail.com","false"
"Brazil","Colombia","","Portugal","https://flagcdn.com/br.svg","Argentina","Brazylia","Бразилия","Braziliya","Portugalia","Португалия","Portugaliya","Argentyna","Аргентина","Argentina","Kolumbia","Колумбия","Kolumbiya","69a2c5576b2bcb01ed3ea463","2026-02-28T10:37:11.918000","2026-07-08T18:19:44.795000","6932c1a5cee41be4b8ef3e6a","mirkhakimadashaliev@gmail.com","false"
"China","Hong Kong","","Vietnam","https://flagcdn.com/cn.svg","Taiwan","Chiny","Китай","Xitoy","Wietnam","Вьетнам","Vyetnam","Tajwan","Тайвань","Tayvan","Hongkong","Гонконг","Gonkong","69a2c5576b2bcb01ed3ea46f","2026-02-28T10:37:11.918000","2026-07-08T18:19:45.014000","6932c1a5cee41be4b8ef3e6a","mirkhakimadashaliev@gmail.com","false"
"DR Congo","Congo","","Namibia","https://flagcdn.com/cd.svg","Tanzania","Demokratyczna Republika Konga","Демократическая Республика Конго","Kongo Demokratik Respublikasi","Namibia","Намибия","Namibiya","Tanzania","Танзания","Tanzaniya","Kongo","Конго","Kongo","69a2c5576b2bcb01ed3ea473","2026-02-28T10:37:11.918000","2026-07-08T18:19:45.014000","6932c1a5cee41be4b8ef3e6a","mirkhakimadashaliev@gmail.com","false"
"Cyprus","Turkey","","Kosovo","https://flagcdn.com/cy.svg","Greece","Cypr","Кипр","Kipr","Kosowo","Косово","Kosovo","Grecja","Греция","Gretsiya","Turcja","Турция","Turkiya","69a2c5576b2bcb01ed3ea478","2026-02-28T10:37:11.918000","2026-07-08T18:19:45.014000","6932c1a5cee41be4b8ef3e6a","mirkhakimadashaliev@gmail.com","false"
"Antigua and Barbuda","Grenada","","Bahamas","https://flagcdn.com/ag.svg","Saint Lucia","Antigua i Barbuda","Антигуа и Барбуда","Antigua va Barbuda","Bahamy","Багамы","Bagama orollari","Saint Lucia","Сент-Люсия","Sent-Lusiya","Grenada","Гренада","Grenada","69a2c5576b2bcb01ed3ea451","2026-02-28T10:37:11.918000","2026-07-08T18:19:45.014000","6932c1a5cee41be4b8ef3e6a","mirkhakimadashaliev@gmail.com","false"
"Armenia","Mauritius","","Colombia","https://flagcdn.com/am.svg","Venezuela","Armenia","Армения","Armaniston","Kolumbia","Колумбия","Kolumbiya","Wenezuela","Венесуэла","Venesuela","Mauritius","Маврикий","Mavrikiy","69a2c5576b2bcb01ed3ea453","2026-02-28T10:37:11.918000","2026-07-08T18:19:45.014000","6932c1a5cee41be4b8ef3e6a","mirkhakimadashaliev@gmail.com","false"
"Australia","Fiji","","New Zealand","https://flagcdn.com/au.svg","United Kingdom","Australia","Австралия","Avstraliya","Nowa Zelandia","Новая Зеландия","Yangi Zelandiya","Wielka Brytania","Великобритания","Buyuk Britaniya","Fidżi","Фиджи","Fiji","69a2c5576b2bcb01ed3ea454","2026-02-28T10:37:11.918000","2026-07-08T18:19:45.014000","6932c1a5cee41be4b8ef3e6a","mirkhakimadashaliev@gmail.com","false"
"Bangladesh","Laos","","Japan","https://flagcdn.com/bd.svg","Palau","Bangladesz","Бангладеш","Bangladesh","Japonia","Япония","Yaponiya","Palau","Палау","Palau","Laos","Лаос","Laos","69a2c5576b2bcb01ed3ea459","2026-02-28T10:37:11.918000","2026-07-08T18:19:45.014000","6932c1a5cee41be4b8ef3e6a","mirkhakimadashaliev@gmail.com","false"
"Bulgaria","Iran","","Hungary","https://flagcdn.com/bg.svg","Italy","Bułgaria","Болгария","Bolgariya","Węgry","Венгрия","Vengriya","Włochy","Италия","Italiya","Iran","Иран","Eron","69a2c5576b2bcb01ed3ea465","2026-02-28T10:37:11.918000","2026-07-08T18:19:45.014000","6932c1a5cee41be4b8ef3e6a","mirkhakimadashaliev@gmail.com","false"
"Congo (Brazzaville)","Mali","","DR Congo","https://flagcdn.com/cg.svg","Guinea","Kongo","Республика Конго","Kongo Respublikasi","Demokratyczna Republika Konga","Демократическая Республика Конго","Kongo Demokratik Respublikasi","Gwinea","Гвинея","Gvineya","Mali","Мали","Mali","69a2c5576b2bcb01ed3ea472","2026-02-28T10:37:11.918000","2026-07-08T18:19:45.014000","6932c1a5cee41be4b8ef3e6a","mirkhakimadashaliev@gmail.com","false"
"Denmark","Iceland","","Norway","https://flagcdn.com/dk.svg","Switzerland","Dania","Дания","Daniya","Norwegia","Норвегия","Norvegiya","Szwajcaria","Швейцария","Shveytsariya","Islandia","Исландия","Islandiya","69a2c5576b2bcb01ed3ea47a","2026-02-28T10:37:11.918000","2026-07-08T18:19:45.014000","6932c1a5cee41be4b8ef3e6a","mirkhakimadashaliev@gmail.com","false"
"Dominica","Jamaica","","Grenada","https://flagcdn.com/dm.svg","Belize","Dominika","Доминика","Dominika","Grenada","Гренада","Grenada","Belize","Белиз","Beliz","Jamajka","Ямайка","Yamayka","69a2c5576b2bcb01ed3ea47c","2026-02-28T10:37:11.918000","2026-07-08T18:19:45.014000","6932c1a5cee41be4b8ef3e6a","mirkhakimadashaliev@gmail.com","false"
"Albania","Kosovo","","Montenegro","https://flagcdn.com/al.svg","North Macedonia","Albania","Албания","Albaniya","Czarnogóra","Черногория","Chernogoriya","Macedonia Północna","Северная Македония","Shimoliy Makedoniya","Kosowo","Косово","Kosovo","69a2c5576b2bcb01ed3ea44d","2026-02-28T10:37:11.918000","2026-07-08T18:19:45.014000","6932c1a5cee41be4b8ef3e6a","mirkhakimadashaliev@gmail.com","false"
"Egypt","Iraq","","Syria","https://flagcdn.com/eg.svg","Yemen","Egipt","Египет","Misr","Syria","Сирия","Suriya","Jemen","Йемен","Yaman","Irak","Ирак","Iroq","69a2c5576b2bcb01ed3ea47f","2026-02-28T10:37:11.918000","2026-07-08T18:19:45.014000","6932c1a5cee41be4b8ef3e6a","mirkhakimadashaliev@gmail.com","false"
"Andorra","Chad","","Romania","https://flagcdn.com/ad.svg","Moldova","Andora","Андорра","Andorra","Rumunia","Румыния","Ruminiya","Mołdawia","Молдавия","Moldova","Czad","Чад","Chad","69a2c5576b2bcb01ed3ea44f","2026-02-28T10:37:11.918000","2026-07-08T18:19:45.014000","6932c1a5cee41be4b8ef3e6a","mirkhakimadashaliev@gmail.com","false"
"Bosnia and Herzegovina","Slovenia","","Serbia","https://flagcdn.com/ba.svg","Croatia","Bośnia i Hercegowina","Босния и Герцеговина","Bosniya va Gersegovina","Serbia","Сербия","Serbiya","Chorwacja","Хорватия","Xorvatiya","Słowenia","Словения","Sloveniya","69a2c5576b2bcb01ed3ea461","2026-02-28T10:37:11.918000","2026-07-08T18:19:45.014000","6932c1a5cee41be4b8ef3e6a","mirkhakimadashaliev@gmail.com","false"
"Cabo Verde","Cook Islands","","European Union","https://flagcdn.com/cv.svg","Samoa","Republika Zielonego Przylądka","Кабо-Верде","Kabo-Verde","Unia Europejska","Европейский союз","Yevropa Ittifoqi","Samoa","Самоа","Samoa","Wyspy Cooka","Острова Кука","Kuk orollari","69a2c5576b2bcb01ed3ea468","2026-02-28T10:37:11.918000","2026-07-08T18:19:45.014000","6932c1a5cee41be4b8ef3e6a","mirkhakimadashaliev@gmail.com","false"
"Belize","Nicaragua","","Guatemala","https://flagcdn.com/bz.svg","Honduras","Belize","Белиз","Beliz","Gwatemala","Гватемала","Gvatemala","Honduras","Гондурас","Gonduras","Nikaragua","Никарагуа","Nikaragua","69a2c5576b2bcb01ed3ea45d","2026-02-28T10:37:11.918000","2026-07-08T18:19:45.014000","6932c1a5cee41be4b8ef3e6a","mirkhakimadashaliev@gmail.com","false"
"Brunei","Thailand","","Malaysia","https://flagcdn.com/bn.svg","Singapore","Brunei","Бруней","Bruney","Malezja","Малайзия","Malayziya","Singapur","Сингапур","Singapur","Tajlandia","Таиланд","Tailand","69a2c5576b2bcb01ed3ea464","2026-02-28T10:37:11.918000","2026-07-08T18:19:45.014000","6932c1a5cee41be4b8ef3e6a","mirkhakimadashaliev@gmail.com","false"
"Ivory Coast","India","","Ireland","https://flagcdn.com/ci.svg","Italy","Wybrzeże Kości Słoniowej","Кот-д’Ивуар","Kot-d'Ivuar","Irlandia","Ирландия","Irlandiya","Włochy","Италия","Italiya","Indie","Индия","Hindiston","69a2c5576b2bcb01ed3ea475","2026-02-28T10:37:11.918000","2026-07-08T18:19:45.014000","6932c1a5cee41be4b8ef3e6a","mirkhakimadashaliev@gmail.com","false"
"Algeria","Libya","","Pakistan","https://flagcdn.com/dz.svg","Mauritania","Algieria","Алжир","Jazoir","Pakistan","Пакистан","Pokiston","Mauretania","Мавритания","Mavritaniya","Libia","Ливия","Liviya","69a2c5576b2bcb01ed3ea44e","2026-02-28T10:37:11.918000","2026-07-08T18:19:45.014000","6932c1a5cee41be4b8ef3e6a","mirkhakimadashaliev@gmail.com","false"
"Barbados","Kazakhstan","","Bahamas","https://flagcdn.com/bb.svg","Ukraine","Barbados","Барбадос","Barbados","Bahamy","Багамы","Bagama orollari","Ukraina","Украина","Ukraina","Kazachstan","Казахстан","Qozog'iston","69a2c5576b2bcb01ed3ea45a","2026-02-28T10:37:11.918000","2026-07-08T18:19:45.014000","6932c1a5cee41be4b8ef3e6a","mirkhakimadashaliev@gmail.com","false"
"Botswana","Uruguay","","Estonia","https://flagcdn.com/bw.svg","Argentina","Botswana","Ботсвана","Botsvana","Estonia","Эстония","Estoniya","Argentyna","Аргентина","Argentina","Urugwaj","Уругвай","Urugvay","69a2c5576b2bcb01ed3ea462","2026-02-28T10:37:11.918000","2026-07-08T18:19:45.014000","6932c1a5cee41be4b8ef3e6a","mirkhakimadashaliev@gmail.com","false"
"Burkina Faso","Vietnam","","Ghana","https://flagcdn.com/bf.svg","Guinea","Burkina Faso","Буркина-Фасо","Burkina-Faso","Ghana","Гана","Gana","Gwinea","Гвинея","Gvineya","Wietnam","Вьетнам","Vyetnam","69a2c5576b2bcb01ed3ea466","2026-02-28T10:37:11.918000","2026-07-08T18:19:45.014000","6932c1a5cee41be4b8ef3e6a","mirkhakimadashaliev@gmail.com","false"
"El Salvador","Guatemala","","Nicaragua","https://flagcdn.com/sv.svg","Honduras","Salwador","Сальвадор","Salvador","Nikaragua","Никарагуа","Nikaragua","Honduras","Гондурас","Gonduras","Gwatemala","Гватемала","Gvatemala","69a2c5576b2bcb01ed3ea480","2026-02-28T10:37:11.918000","2026-07-08T18:19:45.014000","6932c1a5cee41be4b8ef3e6a","mirkhakimadashaliev@gmail.com","false"
"Argentina","Honduras","","Uruguay","https://flagcdn.com/ar.svg","Guatemala","Argentyna","Аргентина","Argentina","Urugwaj","Уругвай","Urugvay","Gwatemala","Гватемала","Gvatemala","Honduras","Гондурас","Gonduras","69a2c5576b2bcb01ed3ea452","2026-02-28T10:37:11.918000","2026-07-08T18:19:45.014000","6932c1a5cee41be4b8ef3e6a","mirkhakimadashaliev@gmail.com","false"
"Chile","USA","","Texas","https://flagcdn.com/cl.svg","Liberia","Chile","Чили","Chili","Teksas","Техас","Texas","Liberia","Либерия","Liberiya","USA","США","AQSH","69a2c5576b2bcb01ed3ea46e","2026-02-28T10:37:11.918000","2026-07-08T18:19:45.014000","6932c1a5cee41be4b8ef3e6a","mirkhakimadashaliev@gmail.com","false"
"Costa Rica","Panama","","Thailand","https://flagcdn.com/cr.svg","North Korea","Kostaryka","Коста-Рика","Kosta-Rika","Tajlandia","Таиланд","Tailand","Korea Północna","Северная Корея","Shimoliy Koreya","Panama","Панама","Panama","69a2c5576b2bcb01ed3ea474","2026-02-28T10:37:11.918000","2026-07-08T18:19:45.014000","6932c1a5cee41be4b8ef3e6a","mirkhakimadashaliev@gmail.com","false"
"Croatia","Luxembourg","","Netherlands","https://flagcdn.com/hr.svg","Paraguay","Chorwacja","Хорватия","Xorvatiya","Holandia","Нидерланды","Niderlandlar","Paragwaj","Парагвай","Paragvay","Luksemburg","Люксембург","Lyuksemburg","69a2c5576b2bcb01ed3ea476","2026-02-28T10:37:11.918000","2026-07-08T18:19:45.014000","6932c1a5cee41be4b8ef3e6a","mirkhakimadashaliev@gmail.com","false"
"Cambodia","Vietnam","","Laos","https://flagcdn.com/kh.svg","Thailand","Kambodża","Камбоджа","Kambodja","Laos","Лаос","Laos","Tajlandia","Таиланд","Tailand","Wietnam","Вьетнам","Vyetnam","69a2c5576b2bcb01ed3ea469","2026-02-28T10:37:11.918000","2026-07-08T18:19:45.014000","6932c1a5cee41be4b8ef3e6a","mirkhakimadashaliev@gmail.com","false"
"Cuba","USA","","Puerto Rico","https://flagcdn.com/cu.svg","Philippines","Kuba","Куба","Kuba","Portoryko","Пуэрто-Рико","Puerto-Riko","Filipiny","Филиппины","Filippin","USA","США","AQSH","69a2c5576b2bcb01ed3ea477","2026-02-28T10:37:11.918000","2026-07-08T18:19:45.014000","6932c1a5cee41be4b8ef3e6a","mirkhakimadashaliev@gmail.com","false"
"Afghanistan","UAE","","Iran","https://flagcdn.com/af.svg","Tajikistan","Afganistan","Афганистан","Afg‘oniston","Iran","Иран","Eron","Tadżykistan","Таджикистан","Tojikiston","ZEA","ОАЭ","BAA","69a2c5576b2bcb01ed3ea44c","2026-02-28T10:37:11.918000","2026-07-08T18:19:45.014000","6932c1a5cee41be4b8ef3e6a","mirkhakimadashaliev@gmail.com","false"
"Equatorial Guinea","Sierra Leone","","Gabon","https://flagcdn.com/gq.svg","Djibouti","Gwinea Równikowa","Экваториальная Гвинея","Ekvatorial Gvineya","Gabon","Габон","Gabon","Dżibuti","Джибути","Jibuti","Sierra Leone","Сьерра-Леоне","Syerra-Leone","69a2c5576b2bcb01ed3ea481","2026-02-28T10:37:11.918000","2026-07-08T18:19:45.014000","6932c1a5cee41be4b8ef3e6a","mirkhakimadashaliev@gmail.com","false"
"Angola","China","","Mozambique","https://flagcdn.com/ao.svg","Vietnam","Angola","Ангола","Angola","Mozambik","Мозамбик","Mozambik","Wietnam","Вьетнам","Vyetnam","Chiny","Китай","Xitoy","69a2c5576b2bcb01ed3ea450","2026-02-28T10:37:11.918000","2026-07-08T18:19:45.014000","6932c1a5cee41be4b8ef3e6a","mirkhakimadashaliev@gmail.com","false"
"Austria","Peru","","Latvia","https://flagcdn.com/at.svg","Lebanon","Austria","Австрия","Avstriya","Łotwa","Латвия","Latviya","Liban","Ливан","Livan","Peru","Перу","Peru","69a2c5576b2bcb01ed3ea455","2026-02-28T10:37:11.918000","2026-07-08T18:19:45.014000","6932c1a5cee41be4b8ef3e6a","mirkhakimadashaliev@gmail.com","false"
"Chad","Andorra","","Romania","https://flagcdn.com/td.svg","Moldova","Czad","Чад","Chad","Rumunia","Румыния","Ruminiya","Mołdawia","Молдавия","Moldova","Andora","Андорра","Andorra","69a2c5576b2bcb01ed3ea46d","2026-02-28T10:37:11.918000","2026-07-08T18:19:45.014000","6932c1a5cee41be4b8ef3e6a","mirkhakimadashaliev@gmail.com","false"
"Bahamas","Saint Lucia","","Barbados","https://flagcdn.com/bs.svg","Jamaica","Bahamy","Багамы","Bagama orollari","Barbados","Барбадос","Barbados","Jamajka","Ямайка","Yamayka","Saint Lucia","Сент-Люсия","Sent-Lusiya","69a2c5576b2bcb01ed3ea457","2026-02-28T10:37:11.918000","2026-07-08T18:19:45.014000","6932c1a5cee41be4b8ef3e6a","mirkhakimadashaliev@gmail.com","false"
"Belarus","Bulgaria","","Madagascar","https://flagcdn.com/by.svg","Oman","Białoruś","Беларусь","Belarus","Madagaskar","Мадагаскар","Madagaskar","Oman","Оман","Ummon","Bułgaria","Болгария","Bolgariya","69a2c5576b2bcb01ed3ea45b","2026-02-28T10:37:11.918000","2026-07-08T18:19:45.014000","6932c1a5cee41be4b8ef3e6a","mirkhakimadashaliev@gmail.com","false"
"Benin","Bolivia","","Guinea","https://flagcdn.com/bj.svg","Mali","Benin","Бенин","Benin","Gwinea","Гвинея","Gvineya","Mali","Мали","Mali","Boliwia","Боливия","Boliviya","69a2c5576b2bcb01ed3ea45e","2026-02-28T10:37:11.918000","2026-07-08T18:19:45.014000","6932c1a5cee41be4b8ef3e6a","mirkhakimadashaliev@gmail.com","false"
"Burundi","Ethiopia","","Rwanda","https://flagcdn.com/bi.svg","Uganda","Burundi","Бурунди","Burundi","Rwanda","Руанда","Ruanda","Uganda","Уганда","Uganda","Etiopia","Эфиопия","Efiopiya","69a2c5576b2bcb01ed3ea467","2026-02-28T10:37:11.918000","2026-07-08T18:19:45.014000","6932c1a5cee41be4b8ef3e6a","mirkhakimadashaliev@gmail.com","false"
"Cameroon","Ghana","","Senegal","https://flagcdn.com/cm.svg","Mali","Kamerun","Камерун","Kamerun","Senegal","Сенегал","Senegal","Mali","Мали","Mali","Ghana","Гана","Gana","69a2c5576b2bcb01ed3ea46a","2026-02-28T10:37:11.918000","2026-07-08T18:19:45.014000","6932c1a5cee41be4b8ef3e6a","mirkhakimadashaliev@gmail.com","false"
"Comoros","Mauritius","","Seychelles","https://flagcdn.com/km.svg","Maldives","Komory","Коморы","Komor orollari","Seszele","Сейшельские Острова","Seyshell orollari","Malediwy","Мальдивы","Maldiv orollari","Mauritius","Маврикий","Mavrikiy","69a2c5576b2bcb01ed3ea471","2026-02-28T10:37:11.918000","2026-07-08T18:19:45.014000","6932c1a5cee41be4b8ef3e6a","mirkhakimadashaliev@gmail.com","false"
"Czechia","Slovakia","","Philippines","https://flagcdn.com/cz.svg","Poland","Czechy","Чехия","Chexiya","Filipiny","Филиппины","Filippin","Polska","Польша","Polsha","Słowacja","Словакия","Slovakiya","69a2c5576b2bcb01ed3ea479","2026-02-28T10:37:11.918000","2026-07-08T18:19:45.014000","6932c1a5cee41be4b8ef3e6a","mirkhakimadashaliev@gmail.com","false"
"Central African Rep.","Sudan","","DR Congo","https://flagcdn.com/cf.svg","South Sudan","Republika Środkowoafrykańska","Центральноафриканская Республика","Markaziy Afrika Respublikasi","Demokratyczna Republika Konga","Демократическая Республика Конго","Kongo Demokratik Respublikasi","Sudan Południowy","Южный Судан","Janubiy Sudan","Sudan","Судан","Sudan","69a2c5576b2bcb01ed3ea46c","2026-02-28T10:37:11.918000","2026-07-08T18:19:45.014000","6932c1a5cee41be4b8ef3e6a","mirkhakimadashaliev@gmail.com","false"
"Azerbaijan","Uzbekistan","","Turkey","https://flagcdn.com/az.svg","Turkmenistan","Azerbejdżan","Азербайджан","Ozarbayjon","Turcja","Турция","Turkiya","Turkmenistan","Туркменистан","Turkmaniston","Uzbekistan","Узбекистан","O'zbekiston","69a2c5576b2bcb01ed3ea456","2026-02-28T10:37:11.918000","2026-07-08T18:19:45.014000","6932c1a5cee41be4b8ef3e6a","mirkhakimadashaliev@gmail.com","false"
"Bhutan","Tibet","","Nepal","https://flagcdn.com/bt.svg","Sri Lanka","Bhutan","Бутан","Butan","Nepal","Непал","Nepal","Sri Lanka","Шри-Ланка","Shri-Lanka","Tybet","Тибет","Tibet","69a2c5576b2bcb01ed3ea45f","2026-02-28T10:37:11.918000","2026-07-08T18:19:45.014000","6932c1a5cee41be4b8ef3e6a","mirkhakimadashaliev@gmail.com","false"
"Dominican Republic","Haiti","","Panama","https://flagcdn.com/do.svg","Costa Rica","Dominikana","Доминиканская Республика","Dominikana Respublikasi","Panama","Панама","Panama","Kostaryka","Коста-Рика","Kosta-Rika","Haiti","Гаити","Gaiti","69a2c5576b2bcb01ed3ea47d","2026-02-28T10:37:11.918000","2026-07-08T18:19:45.014000","6932c1a5cee41be4b8ef3e6a","mirkhakimadashaliev@gmail.com","false"