"option_d_uk","question_ru","option_b_uk","correct_answer","option_a_en","question_pl","option_b_ru","option_c_uz","option_d_ru","option_a_uz","option_c_en","option_b_pl","option_d_pl","question_en","option_c_uk","question_uz","option_a_uk","option_b_en","option_d_uz","option_a_ru","option_c_ru","option_d_en","option_b_uz","question_uk","option_c_pl","option_a_pl","id","created_date","updated_date","created_by_id","created_by","is_sample"
"З заснуванням Варшавського університету","С чем связана Тарговицкая конфедерация?","За підтримкою противників Конституції 3 травня та втручанням Росії","B","With the fight against the Teutonic Order","Z czym związana jest Konfederacja Targowicka?","С поддержкой противников Конституции 3 мая и вмешательством России","Grunvalddagi g'alaba bilan tabriklayman.","С основанием Варшавского университета","Teuton ordeni bilan kurash bilan","Congratulations on the victory at Grunwald.","Ze wsparciem przeciwników Konstytucji 3 maja","Z założeniem Uniwersytetu Warszawskiego","What is the Targowica Confederation connected with?","З перемогою під Грюнвальдом","Targovica Konfederatsiyasi nima bilan bog'liq?","З боротьбою проти Тевтонського ордену","With the support of opponents of the May 3 Constitution and the intervention of Russia","Varshava universitetining tashkil etilishi bilan","С борьбой против Тевтонского ордена","С победой под Грюнвальдом","With the founding of the University of Warsaw","3-may Konstitutsiyasiga qarshi bo'lganlarning ko'magi va Rossiyaning aralashuvi bilan","З чим пов'язана Тарговицька конфедерація?","Ze zwycięstwem pod Grunwaldem","Z walką z Zakonem Krzyżackim","6a5b4a4130ee48091b30f29c","2026-07-18T09:41:21.418000","2026-07-18T09:41:21.418000","6932c1a5cee41be4b8ef3e6a","mirkhakimadashaliev@gmail.com","false"
"Відомим художником","Кем был Тадеуш Костюшко?","Керівником повстання 1794 року","B","Composer","Kim był Tadeusz Kościuszko?","Руководителем восстания 1794 года","Polsha qiroli","Известным художником","Bastakor","Polish King","Przywódcą powstania 1794 roku","Znanym artystą","Who was Tadeusz Kosciuszko?","Польським королем","Tadeush Kostyushko kim edi?","Композитором","Leader of the 1794 uprising","Mashhur rassom","Композитором","Польским королём","A famous artist","1794-yilgi qo'zg'olon rahbari","Ким був Тадеуш Костюшко?","Polskim królem","Kompozytorem","6a5b4a4130ee48091b30f29d","2026-07-18T09:41:21.418000","2026-07-18T09:41:21.418000","6932c1a5cee41be4b8ef3e6a","mirkhakimadashaliev@gmail.com","false"
"1920 р.","Когда произошло Ноябрьское восстание?","1863-1864 р.р.","A","1830–1831","Kiedy wybuchło Powstanie Listopadowe?","1863–1864 гг.","1794-yil","1920 г.","1830–1831 yillar","1794","1863–1864","1920","When did the November Uprising take place?","1794 р.","Noyabr qo'zg'oloni qachon bo'lib o'tdi?","1830-1831 рр.","1863–1864","1920-yil","1830–1831 гг.","1794 г.","1920","1863–1864 yillar","Коли відбулося Листопадове повстання?","1794","1830–1831","6a5b4a4130ee48091b30f29e","2026-07-18T09:41:21.418000","2026-07-18T09:41:21.418000","6932c1a5cee41be4b8ef3e6a","mirkhakimadashaliev@gmail.com","false"
"1918 р.","Когда произошло Январское восстание?","1863-1864 р.р.","B","1830–1831","Kiedy wybuchło Powstanie Styczniowe?","1863–1864 гг.","1791-yil","1918 г.","1830–1831 yillar","1791","1863–1864","1918","When did the January Uprising happen?","1791 р.","Yanvar qo'zg'oloni qachon sodir bo'lgan?","1830-1831 рр.","1863–1864","1918-yil","1830–1831 гг.","1791 г.","1918","1863–1864 yillar","Коли сталося Січневе повстання?","1791","1830–1831","6a5b4a4130ee48091b30f29f","2026-07-18T09:41:21.418000","2026-07-18T09:41:21.418000","6932c1a5cee41be4b8ef3e6a","mirkhakimadashaliev@gmail.com","false"
"Владислав Реймонт","Кто написал роман «Над Неманом» («Nad Niemnem»)?","Еліза Ожешко","B","Henryk Sienkiewicz","Kto napisał powieść „Nad Niemnem”?","Элиза Ожешко","Boleslav Prus","Владислав Реймонт","Genrik Senkevich","Boleslav Prus","Eliza Orzeszko","Władysław Reymont","Who wrote the novel ""Above the Neman"" (""Nad Niemnem"")?","Болеслав Прус","""Neman ustida"" (""Nad Niemnem"") romanini kim yozgan?","Генрік Сенкевич","Eliza Orzeszko","Vladislav Reymont","Генрик Сенкевич","Болеслав Прус","Vladislav Reymont","Eliza Orzeszko","Хто написав роман Над Неманом (Nad Niemnem)?","Bolesław Prus","Henryk Sienkiewicz","6a5b4a4130ee48091b30f2a0","2026-07-18T09:41:21.418000","2026-07-18T09:41:21.418000","6932c1a5cee41be4b8ef3e6a","mirkhakimadashaliev@gmail.com","false"
"Чеслав Мілош","Кто является автором поэмы «Пан Тадеуш»?","Генрік Сенкевич","C","Juliusz Słowacki","Kto jest autorem poematu „Pan Tadeusz”?","Генрик Сенкевич","Adam Mickiewicz","Чеслав Милош","Yuliusz Słowacki","Adam Mickiewicz","Henryk Sienkiewicz","Czesław Miłosz","Who is the author of the poem ""Pan Tadeusz""?","Адам Міцкевич","""Pan Tadeush"" she'rining muallifi kim?","Юліуш Словацький","Henryk Sienkiewicz","Cheslav Milosh","Юлиуш Словацкий","Адам Мицкевич","Czeslaw Milosz","Genrik Senkevich","Хто є автором поеми Пан Тадеуш?","Adam Mickiewicz","Juliusz Słowacki","6a5b4a4130ee48091b30f2a1","2026-07-18T09:41:21.418000","2026-07-18T09:41:21.418000","6932c1a5cee41be4b8ef3e6a","mirkhakimadashaliev@gmail.com","false"
"У битві під Пловцями (1331)","Где и когда погиб король Владислав III Варненчик?","У битві при Варні у 1444 році","B","At the Battle of Grunwald (1410)","Gdzie i kiedy zmarł król Władysław III Warneńczyk?","В битве при Варне в 1444 году","Vena jangida (1683)","В битве под Пловцами (1331)","Grunvald jangida (1410)","In the Battle of Vienna (1683)","W bitwie pod Warną w 1444 roku","W bitwie pod Płowcami (1331)","Where and when did King Vladislav III Varnenchik die?","У Віденській битві (1683)","Qirol Vladislav III Varnenchik qayerda va qachon vafot etgan?","У битві під Грюнвальдом (1410)","At the Battle of Varna in 1444","Plovtsi jangida (1331)","В битве под Грюнвальдом (1410)","В Венской битве (1683)","In the Battle of Plovtsy (1331)","1444-yilda Varna jangida","Де і коли загинув король Владислав ІІІ Варненчик?","W bitwie pod Wiedniem (1683)","W bitwie pod Grunwaldem (1410)","6a5b4a4130ee48091b30f2a2","2026-07-18T09:41:21.418000","2026-07-18T09:41:21.418000","6932c1a5cee41be4b8ef3e6a","mirkhakimadashaliev@gmail.com","false"
"Болеслав Хоробрий","Кто был первым королём из династии Ягеллонов?","Казимир III Великий","A","Vladislav II Jagiello","Kto był pierwszym królem z dynastii Jagiellonów?","Казимир III Великий","Sigismund II Avgust","Болеслав Храбрый","Vladislav II Yagiello","Sigismund II Augustus","Kazimierz III Wielki","Bolesław Chrobry","Who was the first king of the Jagiellonian dynasty?","Сигізмунд II Серпень","Yagellon sulolasining birinchi qiroli kim bo'lgan?","Владислав II Ягайло","Casimir III the Great","Boleslav Jasur","Владислав II Ягайло","Сигизмунд II Август","Boleslav the Brave","Buyuk Kazimir III","Хто був першим королем із династії Ягеллонів?","Zygmunt II August","Władysław II Jagiełło","6a5b4a4130ee48091b30f2a3","2026-07-18T09:41:21.418000","2026-07-18T09:41:21.418000","6932c1a5cee41be4b8ef3e6a","mirkhakimadashaliev@gmail.com","false"
"Ян III Собеський","Кто был последним правителем династии Ягеллонов?","Владислав IV Ваза","C","Sigismund I the Old","Kto był ostatnim władcą dynastii Jagiellonów?","Владислав IV Ваза","Sigismund II Avgust","Ян III Собеский","Qadimgi Sigismund I","Sigismund II Augustus","Władysław IV Waza","Jan III Sobieski","Who was the last ruler of the Jagiellonian dynasty?","Сигізмунд II Серпень","Yagellon sulolasining oxirgi hukmdori kim bo'lgan?","Сигізмунд I Старий","Vladislav IV Vasa","Yanvar III Sobieski","Сигизмунд I Старый","Сигизмунд II Август","Jan III Sobieski","Vladislav IV Vasa","Хто був останнім правителем династії Ягеллонів?","Zygmunt II August","Zygmunt I Stary","6a5b4a4130ee48091b30f2a4","2026-07-18T09:41:21.418000","2026-07-18T09:41:21.418000","6932c1a5cee41be4b8ef3e6a","mirkhakimadashaliev@gmail.com","false"
"Січневе повстання","С каким историческим событием связан ксёндз Августин Кордецкий?","Захист монастиря Ясна Гура під час Шведського потопу","B","Baptism of Poland","Jakie wydarzenie historyczne wiąże się z osobą ojca Augustyna Kordeckiego?","Защита монастыря Ясная Гура во время Шведского потопа","Grunvald jangi","Январское восстание","Polshaning suvga cho'mishi","Battle of Grunwald","Obrona Klasztoru Jasnogórskiego w czasie potopu szwedzkiego","Powstanie Styczniowe","What historical event is associated with Father Augustin Kordecki?","Битва при Грюнвальді","Ota Avgustin Kordecki bilan qanday tarixiy voqea bog'liq?","Хрещення Польщі","The defense of the Jasna Góra Monastery during the Swedish Deluge","Yanvar qo'zg'oloni","Крещение Польши","Битва при Грюнвальде","January Uprising","Shvetsiya to'foni paytida Jasna Gora monastirining himoyasi","З якою історичною подією пов'язаний ксендз Августин Кордецький?","Bitwa pod Grunwaldem","Chrzest Polski","6a5b4a4130ee48091b30f2a5","2026-07-18T09:41:21.418000","2026-07-18T09:41:21.418000","6932c1a5cee41be4b8ef3e6a","mirkhakimadashaliev@gmail.com","false"
"Святий Георгій","Кто является одним из главных покровителей Польши?","Святий Войцех","B","Saint Patrick","Kto jest jednym z głównych patronów Polski?","Святой Войцех","Avliyo Nikolay","Святой Георгий","Avliyo Patrik","Saint Nicholas","Święty Wojciech","Święty Jerzy","Who is one of the main patrons of Poland?","Святий Миколай","Polshaning asosiy homiylaridan biri kim?","Святий Патрік","Saint Wojciech","Sent-Jorj","Святой Патрик","Святой Николай","Saint George","Avliyo Voytsex","Хто є одним із головних покровителів Польщі?","Święty Mikołaj","Święty Patryk","6a5b4a4130ee48091b30f2a6","2026-07-18T09:41:21.418000","2026-07-18T09:41:21.418000","6932c1a5cee41be4b8ef3e6a","mirkhakimadashaliev@gmail.com","false"
"Художницею","Кем была Святая Ядвига?","Польською поетесою","A","Queen of Poland","Kim była Święta Jadwiga?","Польской поэтессой","Varshava asoschisi","Художницей","Polsha qirolichasi","The founder of Warsaw","POlską poetką","Artystką","Who was Saint Hedwig?","Засновницею Варшави","Avliyo Xedvig kim edi?","Польською королевою","Polish poetess","Rassom","Польской королевой","Основательницей Варшавы","Artist","Polsha shoirasi","Ким була Свята Ядвіга?","Założycielką Warszawy","Królową Polski","6a5b4a4130ee48091b30f2a7","2026-07-18T09:41:21.418000","2026-07-18T09:41:21.418000","6932c1a5cee41be4b8ef3e6a","mirkhakimadashaliev@gmail.com","false"
"Московське князівство","Кто победил в битве при Грюнвальде в 1410 году?","Польсько-литовське військо під командуванням Владислава Ягайла","B","Teutonic Order","Kto wygrał bitwę pod Grunwaldem w 1410 roku?","Польско-литовское войско под командованием Владислава Ягайло","Shvetsiya armiyasi","Московское княжество","Teuton ordeni","Swedish army","Armia polsko-litewska pod dowództwem Władysława Jagiełły","Księstwo Moskiewskie","Who won the Battle of Grunwald in 1410?","Шведська армія","1410-yilda Grunvald jangida kim g'alaba qozongan?","Тевтонський орден","The Polish-Lithuanian army under the command of Władysław Jagiello","Moskva knyazligi","Тевтонский орден","Шведская армия","Moscow Principality","Vladislav Yagiello qo'mondonligidagi Polsha-Litva armiyasi","Хто переміг у битві при Грюнвальді у 1410 році?","Armia szwedzka","Zakon Krzyżacki","6a5b4a4130ee48091b30f2a8","2026-07-18T09:41:21.418000","2026-07-18T09:41:21.418000","6932c1a5cee41be4b8ef3e6a","mirkhakimadashaliev@gmail.com","false"
"Шведський потоп","С каким событием связана легенда о Лайконике?","Заснування Кракова","A","Victory over the Tatars","Jakie wydarzenie wiąże się z legendą o Lajkoniku?","Основание Кракова","Varna jangi","Шведский потоп","Tatarlar ustidan qozonilgan g'alaba","Battle of Varna","Założenie Krakowa","Powódź szwedzka","What event is associated with the legend of Laikonik?","Битва за Варною","Laikonik afsonasi qanday voqea bilan bog'liq?","Перемога над татарами","The founding of Krakow","Shvetsiya suv toshqini","Победа над татарами","Битва при Варне","The Swedish Flood","Krakovning tashkil topishi","З якою подією пов'язана легенда про Лайконіка?","Bitwa pod Warną","Zwycięstwo nad Tatarami","6a5b4a4130ee48091b30f2a9","2026-07-18T09:41:21.418000","2026-07-18T09:41:21.418000","6932c1a5cee41be4b8ef3e6a","mirkhakimadashaliev@gmail.com","false"
"Сигізмунд II Серпень 1569 року","Кто и когда основал Ягеллонский университет в Кракове?","Владислав Ягайло у 1410 році","A","Casimir III the Great in 1364","Kto i kiedy założył Uniwersytet Jagielloński w Krakowie?","Владислав Ягайло в 1410 году","1025-yilda Boleslav Jasur","Сигизмунд II Август в 1569 году","Buyuk Kazimir III 1364-yilda","Boleslav the Brave in 1025","Władysław Jagiełło w 1410 roku","Zygmunt II August w 1569 roku","Who founded the Jagiellonian University in Krakow and when?","Болеслав Хоробрий у 1025 році","Krakovda Yagelloniya universitetiga kim va qachon asos solgan?","Казимир III Великий у 1364 році","Vladislav Jagiello in 1410","1569-yilda Sigismund II Avgust","Казимир III Великий в 1364 году","Болеслав Храбрый в 1025 году","Sigismund II Augustus in 1569","1410-yilda Vladislav Yagiello","Хто і коли заснував Ягеллонський університет у Кракові?","Bolesław Chrobry w 1025 r.","Kazimierz III Wielki w 1364 roku","6a5b4a4130ee48091b30f2aa","2026-07-18T09:41:21.418000","2026-07-18T09:41:21.418000","6932c1a5cee41be4b8ef3e6a","mirkhakimadashaliev@gmail.com","false"
"17 вересня 1939 року","Когда началось Варшавское восстание?","1 серпня 1944 року","B","September 1, 1939","Kiedy wybuchło Powstanie Warszawskie?","1 августа 1944 года","1945-yil 8-may","17 сентября 1939 года","1939-yil 1-sentabr","May 8, 1945","1 sierpnia 1944","17 września 1939","When did the Warsaw Uprising begin?","8 травня 1945 року","Varshava qo'zg'oloni qachon boshlangan?","1 вересня 1939 року","August 1, 1944","1939-yil 17-sentabr","1 сентября 1939 года","8 мая 1945 года","September 17, 1939","1944-yil 1-avgust","Коли розпочалося Варшавське повстання?","8 maja 1945","1 września 1939 roku","6a5b4a4130ee48091b30f2ab","2026-07-18T09:41:21.418000","2026-07-18T09:41:21.418000","6932c1a5cee41be4b8ef3e6a","mirkhakimadashaliev@gmail.com","false"
"Юзеф Пілсудський","Кто из перечисленных НЕ был президентом Польши после 1989 года?","Олександр Кваснєвський","D","Lech Walesa","Kto z poniższych NIE był Prezydentem Polski po 1989 roku?","Александр Квасьневский","Bronislav Komorovskiy","Юзеф Пилсудский","Lex Uelsa","Bronislaw Komorowski","Aleksander Kwaśniewski","Józef Piłsudski","Who of the following was NOT the President of Poland after 1989?","Броніслав Коморовський","Quyidagilardan qaysi biri 1989-yildan keyin Polsha Prezidenti EMAS edi?","Лех Валенса","Aleksander Kwasniewski","Jozef Pilsudski","Лех Валенса","Бронислав Коморовский","Józef Pilsudski","Aleksandr Kvasnevskiy","Хто з перерахованих не був президентом Польщі після 1989 року?","Bronisław Komorowski","Lech Wałęsa","6a5b4a4130ee48091b30f2ac","2026-07-18T09:41:21.418000","2026-07-18T09:41:21.418000","6932c1a5cee41be4b8ef3e6a","mirkhakimadashaliev@gmail.com","false"
"Заснування Варшави","Какое важное событие произошло 3 мая 1791 года?","Ухвалення Конституції 3 травня","B","Baptism of Poland","Jakie ważne wydarzenie miało miejsce 3 maja 1791 roku?","Принятие Конституции 3 мая","Grunvald jangi","Основание Варшавы","Polshaning suvga cho'mishi","Battle of Grunwald","Przyjęcie Konstytucji 3 Maja","Założenie Warszawy","What important event happened on May 3, 1791?","Битва при Грюнвальді","1791-yil 3-mayda qanday muhim voqea sodir bo'ldi?","Хрещення Польщі","Adoption of the Constitution on May 3","Varshavaning tashkil topishi","Крещение Польши","Битва при Грюнвальде","The founding of Warsaw","3-may kuni Konstitutsiyaning qabul qilinishi","Яка важлива подія сталася 3 травня 1791?","Bitwa pod Grunwaldem","Chrzest Polski","6a5b4a4130ee48091b30f2ad","2026-07-18T09:41:21.418000","2026-07-18T09:41:21.418000","6932c1a5cee41be4b8ef3e6a","mirkhakimadashaliev@gmail.com","false"
"Перемогу над шведами у XVII столітті","Что называют «Чудом на Висле»?","Перемогу при Грюнвальді","A","The victory of the Polish army over Soviet Russia in the Battle of Warsaw in 1920","Czym jest „Cud nad Wisłą”?","Победу при Грюнвальде","1945-yilda Varshavaning ozod qilinishi","Победу над шведами в XVII веке","1920-yilda Varshava jangida Polsha armiyasining Sovet Rossiyasi ustidan qozongan g'alabasi","The liberation of Warsaw in 1945","Zwycięstwo pod Grunwaldem","Zwycięstwo nad Szwedami w XVII wieku","What is called the ""Miracle on the Vistula""?","Звільнення Варшави у 1945 році","""Vistuladagi mo''jiza"" nima deb ataladi?","Перемогу польської армії над Радянською Росією у Варшавській битві 1920 року","Victory at Grunwald","17-asrda shvedlar ustidan qozonilgan g'alaba","Победу польской армии над Советской Россией в Варшавской битве 1920 года","Освобождение Варшавы в 1945 году","Victory over the Swedes in the 17th century","Grunvalddagi g'alaba","Що називають «Чудом на Віслі»?","Wyzwolenie Warszawy w 1945 roku","Zwycięstwo wojsk polskich nad Rosją Radziecką w bitwie warszawskiej w 1920 roku","6a5b4a4130ee48091b30f2ae","2026-07-18T09:41:21.418000","2026-07-18T09:41:21.418000","6932c1a5cee41be4b8ef3e6a","mirkhakimadashaliev@gmail.com","false"
"Початком Шведського потопу","Чем знаменита Венская битва 1683 года?","Перемогою над Тевтонським орденом","A","Victory of the Polish-Austrian troops over the Ottoman Empire","Z czego słynie Bitwa pod Wiedniem z 1683 roku?","Победой над Тевтонским орденом","Lyublin Ittifoqining imzolanishi","Началом Шведского потопа","Polsha-Avstriya qo'shinlarining Usmonli imperiyasi ustidan g'alabasi","Signing of the Union of Lublin","Zwycięstwo nad Zakonem Krzyżackim","Początek potopu szwedzkiego","What is the Battle of Vienna of 1683 famous for?","Підписанням Люблінської унії","1683-yildagi Vena jangi nima bilan mashhur?","Перемогою польсько-австрійських військ над імперією Османа","Victory over the Teutonic Order","Shvetsiya suv toshqini boshlanishi","Победой польско-австрийских войск над Османской империей","Подписанием Люблинской унии","The beginning of the Swedish flood","Teuton ordeni ustidan qozonilgan g'alaba","Чим відома Віденська битва 1683?","Podpisanie Unii Lubelskiej","Zwycięstwo wojsk polsko-austriackich nad Imperium Osmańskim","6a5b4a4130ee48091b30f2af","2026-07-18T09:41:21.418000","2026-07-18T09:41:21.418000","6932c1a5cee41be4b8ef3e6a","mirkhakimadashaliev@gmail.com","false"
"Був останнім королем Польщі","Чем прославился король Ян III Собеский?","Заснував Краків","A","Led the victory in the Battle of Vienna in 1683","Z czego słynął król Jan III Sobieski?","Основал Краков","3-may kuni Konstitutsiya qabul qilindi","Был последним королём Польши","1683-yilda Vena jangida g'alabaga boshchilik qildi","Adopted the Constitution on May 3","Założył Kraków","Był ostatnim królem Polski.","What was King Jan III Sobieski famous for?","Прийняв Конституцію 3 травня","Qirol Yan III Sobieski nima bilan mashhur bo'lgan?","Очолив перемогу у Віденській битві 1683 року","Founded Krakow","U Polshaning oxirgi qiroli edi.","Возглавил победу в Венской битве 1683 года","Принял Конституцию 3 мая","He was the last king of Poland.","Krakovga asos solingan","Чим уславився король Ян III Собеський?","Przyjął Konstytucję 3 maja","Doprowadził do zwycięstwa w bitwie pod Wiedniem w 1683 roku","6a5b4a4130ee48091b30f2b0","2026-07-18T09:41:21.418000","2026-07-18T09:41:21.418000","6932c1a5cee41be4b8ef3e6a","mirkhakimadashaliev@gmail.com","false"
"Національний парк Банф","Какой из перечисленных является национальным парком Польши?","Єллоустонський національний парк","A","Belovezhskaya National Park","Który z poniższych jest parkiem narodowym w Polsce?","Йеллоустонский национальный парк","Plitvice ko'llari milliy bog'i","Национальный парк Банф","Belovejskaya milliy bog'i","Plitvice Lakes National Park","Park Narodowy Yellowstone","Park Narodowy Banff","Which of the following is a national park in Poland?","Національний парк Плитвицькі озера","Quyidagilardan qaysi biri Polshadagi milliy bog' hisoblanadi?","Біловезький національний парк","Yellowstone National Park","Banff milliy bog'i","Беловежский национальный парк","Национальный парк Плитвицкие озёра","Banff National Park","Yellouston milliy bog'i","Який із перелічених є національним парком Польщі?","Park Narodowy Jezior Plitwickich","Białowieski Park Narodowy","6a5b4a4130ee48091b30f2b1","2026-07-18T09:41:21.418000","2026-07-18T09:41:21.418000","6932c1a5cee41be4b8ef3e6a","mirkhakimadashaliev@gmail.com","false"
"Буг","Какая река является самой длинной в Польше?","Вісла","B","Audra","Która rzeka w Polsce jest najdłuższa?","Висла","Varta","Буг","Audra","Varta","Wisła","Bug","Which is the longest river in Poland?","Варта","Polshadagi eng uzun daryo qaysi?","Одра","Vistula","Xato","Одра","Варта","Bug","Vistula","Яка річка є найдовшою у Польщі?","Warta","Odra","6a5b4a4130ee48091b30f2b2","2026-07-18T09:41:21.418000","2026-07-18T09:41:21.418000","6932c1a5cee41be4b8ef3e6a","mirkhakimadashaliev@gmail.com","false"
"Литва, Латвія, Естонія та Білорусь","С какими странами граничит Польша?","Німеччина, Франція, Чехія та Угорщина","A","Germany, the Czech Republic, Slovakia, Ukraine, Belarus, Lithuania, and Russia (Kaliningrad Oblast)","Z jakimi krajami graniczy Polska?","Германия, Франция, Чехия и Венгрия","Germaniya, Avstriya, Ukraina va Ruminiya","Литва, Латвия, Эстония и Беларусь","Germaniya, Chexiya, Slovakiya, Ukraina, Belarus, Litva va Rossiya (Kaliningrad viloyati)","Germany, Austria, Ukraine and Romania","Niemcy, Francja, Czechy i Węgry","Litwa, Łotwa, Estonia i Białoruś","Which countries does Poland border?","Німеччина, Австрія, Україна та Румунія","Polsha qaysi davlatlar bilan chegaradosh?","Німеччина, Чехія, Словаччина, Україна, Білорусь, Литва та Росія (Калінінградська область)","Germany, France, the Czech Republic, and Hungary","Litva, Latviya, Estoniya va Belarus","Германия, Чехия, Словакия, Украина, Беларусь, Литва и Россия (Калининградская область)","Германия, Австрия, Украина и Румыния","Lithuania, Latvia, Estonia and Belarus","Germaniya, Fransiya, Chexiya va Vengriya","З якими країнами межує Польща?","Niemcy, Austria, Ukraina i Rumunia","Niemcy, Czechy, Słowacja, Ukraina, Białoruś, Litwa i Rosja (obwód kaliningradzki)","6a5b4a4130ee48091b30f2b3","2026-07-18T09:41:21.418000","2026-07-18T09:41:21.418000","6932c1a5cee41be4b8ef3e6a","mirkhakimadashaliev@gmail.com","false"
"рубль","Какая официальная валюта Польши?","Злотий","B","Euro","Jaka jest oficjalna waluta Polski?","Злотый","Toj","Рубль","Yevro","Crown","Złoty","Rubel","What is the official currency of Poland?","Крона","Polshaning rasmiy pul birligi nima?","Євро","Zloty","Rubl","Евро","Крона","Ruble","Zlotiy","Яка офіційна валюта Польщі?","Korona","Euro","6a5b4a4130ee48091b30f2b4","2026-07-18T09:41:21.418000","2026-07-18T09:41:21.418000","6932c1a5cee41be4b8ef3e6a","mirkhakimadashaliev@gmail.com","false"
"Тарниця","Какая самая высокая горная вершина в Польше?","Гевонт","C","Snowball","Jaki jest najwyższy szczyt górski w Polsce?","Гевонт","Silovaklar","Тарница","Qor to'pi","Lynxes","Giewont","Tarnica","What is the highest mountain peak in Poland?","Риси","Polshadagi eng baland tog 'cho'qqisi qaysi?","Сніжка","Giewont","Tarnitsa","Снежка","Рысы","Tarnitsa","Giewont","Яка найвища гірська вершина у Польщі?","Rysy","Śnieżka","6a5b4a4130ee48091b30f2b5","2026-07-18T09:41:21.418000","2026-07-18T09:41:21.418000","6932c1a5cee41be4b8ef3e6a","mirkhakimadashaliev@gmail.com","false"
"Юзеф Глемп","Кто из поляков стал Папой Римским в 1978 году?","Єжи Попелушко","C","Stefan Wyszynski","Który Polak został papieżem w 1978 roku?","Ежи Попелушко","Karol Voytyla (Ioann Pol II)","Юзеф Глемп","Stefan Viszinski","Karol Wojtyla (John Paul II)","Jerzy Popiełuszko","Józef Glemp","Which Pole became Pope in 1978?","Кароль Войтила (Іоанн Павло ІІ)","1978-yilda qaysi polyak Papa bo'ldi?","Стефан Вишинський","Jerzy Popiełuszko","Jozef Glemp","Стефан Вышинский","Кароль Войтыла (Иоанн Павел II)","Józef Glemp","Eji Popieluszko","Хто з поляків став Папою Римським у 1978 році?","Karol Wojtyła (Jan Paweł II)","Stefan Wyszyński","6a5b4a4130ee48091b30f2b6","2026-07-18T09:41:21.418000","2026-07-18T09:41:21.418000","6932c1a5cee41be4b8ef3e6a","mirkhakimadashaliev@gmail.com","false"
"Краків","Какой город был столицей Польши до переноса её в Варшаву?","Вроцлав","D","Gdansk","Które miasto było stolicą Polski zanim została przeniesiona do Warszawy?","Вроцлав","Lublin","Краков","Gdansk","Lublin","Wrocław","Kraków","What city was the capital of Poland before it was moved to Warsaw?","Люблін","Polsha Varshavaga ko'chirilishidan oldin uning poytaxti qaysi shahar edi?","Гданськ","Wroclaw","Krakov","Гданьск","Люблин","Krakow","Vrotslav","Яке місто було столицею Польщі до перенесення її до Варшави?","Lublin","Gdańsk","6a5b4a4130ee48091b30f2b7","2026-07-18T09:41:21.418000","2026-07-18T09:41:21.418000","6932c1a5cee41be4b8ef3e6a","mirkhakimadashaliev@gmail.com","false"
"Чорне море","Какое море омывает Польшу на севере?","Північне море","A","Baltic Sea","Które morze obmywa Polskę na północy?","Северное море","Adriatik dengizi","Чёрное море","Boltiq dengizi","Adriatic Sea","Morze Północne","Morze Czarne","Which sea washes Poland in the north?","Адріатичне море","Polshani shimolda qaysi dengiz yuvadi?","Балтійське море","North Sea","Qora dengiz","Балтийское море","Адриатическое море","Black Sea","Shimoliy dengiz","Яке море омиває Польщу на півночі?","Morze Adriatyckie","Morze Bałtyckie","6a5b4a4130ee48091b30f2b8","2026-07-18T09:41:21.418000","2026-07-18T09:41:21.418000","6932c1a5cee41be4b8ef3e6a","mirkhakimadashaliev@gmail.com","false"
"Щецін","Какой польский город называют ""Венецией Севера"" из-за множества мостов и островов?","Вроцлав","B","Gdansk","Które polskie miasto nazywane jest „Wenecją Północy” ze względu na liczne mosty i wyspy?","Вроцлав","Poznan","Щецин","Gdansk","Poznan","Wrocław","Szczecin","Which Polish city is called the ""Venice of the North"" because of its many bridges and islands?","Познань","Polshaning qaysi shahri ko'plab ko'priklar va orollar tufayli ""Shimol Venetsiyasi"" deb ataladi?","Гданськ","Wroclaw","Shchetsin","Гданьск","Познань","Szczecin","Vrotslav","Яке польське місто називають ""Венецією Півночі"" через безліч мостів та островів?","Poznań","Gdańsk","6a5b4a4130ee48091b30f2b9","2026-07-18T09:41:21.418000","2026-07-18T09:41:21.418000","6932c1a5cee41be4b8ef3e6a","mirkhakimadashaliev@gmail.com","false"
"Фляки","Как называется традиционный польский суп на закваске из ржаной муки?","Борщ","A","Zurek","Jak nazywa się tradycyjna polska zupa żytnia na zakwasie?","Борщ","Rosul","Фляки","Zurek","Rosul","Barszcz","Flaki","What is the name of the traditional Polish sourdough rye soup?","Росул","An'anaviy Polsha xamirturushli javdar sho'rvasining nomi nima?","Журек","Borsch","Flaki","Журек","Росул","Flaki","Borsch","Як називається традиційний польський суп на заквасці з житнього борошна?","Rosół","Żurek","6a5b4a4130ee48091b30f2ba","2026-07-18T09:41:21.418000","2026-07-18T09:41:21.418000","6932c1a5cee41be4b8ef3e6a","mirkhakimadashaliev@gmail.com","false"
"Люблін","Какой город славится своими традиционными пряниками (pierniki)?","Торунь","B","Warsaw","Które miasto słynie z tradycyjnych pierników?","Торунь","Krakov","Люблин","Varshava","Krakow","Toruń","Lublin","Which city is famous for its traditional gingerbread (pierniki)?","Краків","Qaysi shahar o'zining an'anaviy zanjabilli nonlari (pierniki) bilan mashhur?","Варшава","Torun","Lublin","Варшава","Краков","Lublin","Torun","Яке місто славиться своїми традиційними пряниками (pierniki)?","Kraków","Warszawa","6a5b4a4130ee48091b30f2bb","2026-07-18T09:41:21.418000","2026-07-18T09:41:21.418000","6932c1a5cee41be4b8ef3e6a","mirkhakimadashaliev@gmail.com","false"
"Лодзь","В окрестностях какого города находится знаменитая соляная шахта Величка?","Вроцлав","A","Krakow","W pobliżu którego miasta znajduje się słynna kopalnia soli w Wieliczce?","Вроцлав","Katovitsa","Лодзь","Krakov","Katowice","Wrocław","Łódź","In the vicinity of which city is the famous Wieliczka salt mine located?","Катовіце","Mashhur Wieliczka tuz koni qaysi shahar atrofida joylashgan?","Краків","Wroclaw","Lodz","Краков","Катовице","Lodz","Vrotslav","На околицях якого міста знаходиться знаменита соляна шахта Велічка?","Katowice","Kraków","6a5b4a4130ee48091b30f2bc","2026-07-18T09:41:21.418000","2026-07-18T09:41:21.418000","6932c1a5cee41be4b8ef3e6a","mirkhakimadashaliev@gmail.com","false"
"Агнешка Холланд","Какой польский режиссер снял фильмы ""Пианист"" и ""Ребенок Розмари""?","Кшиштоф Кесльовський","C","Andrzej Wajda","Który polski reżyser wyreżyserował Pianistę i Dziecko Rosemary?","Кшиштоф Кесьлёвский","Roman Polanski","Агнешка Холланд","Andjey Vajda","Roman Polanski","Krzysztof Kieślowski","Agnieszka Holland","Which Polish director directed The Pianist and Rosemary's Baby?","Роман Поланськи","""Pianinochi"" va ""Rozmarinning chaqalog'i"" filmlarini qaysi polshalik rejissyor suratga olgan?","Анджей Вайда","Krzysztof Kieslowski","Agnieszka Holland","Анджей Вайда","Роман Полански","Agnieszka Holland","Kshishtof Kieslovskiy","Який польський режисер зняв фільми ""Піаніст"" та ""Дитина Розмарі""?","Roman Polański","Andrzej Wajda","6a5b4a4130ee48091b30f2bd","2026-07-18T09:41:21.418000","2026-07-18T09:41:21.418000","6932c1a5cee41be4b8ef3e6a","mirkhakimadashaliev@gmail.com","false"
"Криниця-Здруй","Какой город называют ""зимней столицей Польши""?","Карпач","A","Zakopane","Które miasto jest nazywane „zimową stolicą Polski”?","Карпач","Shchirk","Крыница-Здруй","Zakopane","Szczyrk","Karpacz","Krynica-Zdrój","Which city is called the ""winter capital of Poland""?","Щирк","Qaysi shahar ""Polshaning qishki poytaxti"" deb ataladi?","Закопане","Karpacz","Krynica-Zdrój","Закопане","Щирк","Krynica-Zdrój","Karpacz","Яке місто називають ""зимовою столицею Польщі""?","Szczyrk","Zakopane","6a5b4a4130ee48091b30f2be","2026-07-18T09:41:21.418000","2026-07-18T09:41:21.418000","6932c1a5cee41be4b8ef3e6a","mirkhakimadashaliev@gmail.com","false"
"Куяв'як","Как называется традиционный польский танец, которым открывают выпускные балы (studniówka)?","Краков'як","C","Mazurka","Jak nazywa się tradycyjny polski taniec rozpoczynający studniówkę?","Краковяк","Polonez","Куявяк","Mazurka","Polonaise","Krakowiak","Kujawiak","What is the name of the traditional Polish dance that opens graduation balls (studniówka)?","Полонез","Bitiruv ballarini (studniówka) ochadigan an'anaviy Polsha raqsining nomi nima?","Мазурка","Krakowiak","Kuyavyak","Мазурка","Полонез","Kuyavyak","Krakovyak","Як називається традиційний польський танець, яким відкривають випускні бали (studniówka)?","Polonez","Mazurek","6a5b4a4130ee48091b30f2bf","2026-07-18T09:41:21.418000","2026-07-18T09:41:21.418000","6932c1a5cee41be4b8ef3e6a","mirkhakimadashaliev@gmail.com","false"
"2010","В каком году Польша вступила в Европейский Союз?","2004","B","1999","W którym roku Polska przystąpiła do Unii Europejskiej?","2004","2007-yil","2010","1999-yil","2007","2004","2010","In what year did Poland join the European Union?","2007","Polsha Yevropa Ittifoqiga qaysi yilda qo'shildi?","1999","2004","2010-yil","1999","2007","2010","2004-yil","Якого року Польща вступила до Європейського Союзу?","2007","1999","6a5b4a4130ee48091b30f2c0","2026-07-18T09:41:21.418000","2026-07-18T09:41:21.418000","6932c1a5cee41be4b8ef3e6a","mirkhakimadashaliev@gmail.com","false"
"Пеніни","Как называется самый высокий горный массив в Польше?","Бещади","C","Sudetenland","Jak nazywa się najwyższe pasmo górskie w Polsce?","Бещады","Tatra tog'lari","Пенины","Sudetenland","Tatra Mountains","Bieszczady","Pieniny","What is the name of the highest mountain range in Poland?","Татри","Polshadagi eng baland tog 'tizmasining nomi nima?","Судети","Bieszczady Mountains","Penini","Судеты","Татры","Peniny","Bieszczady tog'lari","Як називається найвищий гірський масив у Польщі?","Tatry","Sudety","6a5b4a4130ee48091b30f2c1","2026-07-18T09:41:21.418000","2026-07-18T09:41:21.418000","6932c1a5cee41be4b8ef3e6a","mirkhakimadashaliev@gmail.com","false"
"Ян Чохральський","Кто из польских изобретателей создал первую в мире керосиновую лампу?","Ігнацій Лукасевич","B","Nicolaus Copernicus","Który polski wynalazca stworzył pierwszą na świecie lampę naftową?","Игнаций Лукасевич","Lyudvik Zamenxof","Ян Чохральский","Nikolay Kopernik","Ludwik Zamenhof","Ignacy Łukasiewicz","Jan Czochralski","Which Polish inventor created the world's first kerosene lamp?","Людвік Заменгоф","Dunyodagi birinchi kerosin lampasini qaysi polshalik ixtirochi yaratgan?","Микола Коперник","Ignacy Lukasiewicz","Jan Czochralski","Николай Коперник","Людвик Заменгоф","Jan Czochralski","Ignacy Lukasiewicz","Хто з польських винахідників створив першу у світі гасову лампу?","Ludwik Zamenhof","Mikołaj Kopernik","6a5b4a4130ee48091b30f2c2","2026-07-18T09:41:21.418000","2026-07-18T09:41:21.418000","6932c1a5cee41be4b8ef3e6a","mirkhakimadashaliev@gmail.com","false"
"Тваруг","Как называется традиционный копченый сыр из овечьего молока, который делают в польских горах?","Радамер","C","Brindza","Jak nazywa się tradycyjny wędzony ser owczy, który wytwarza się w polskich górach?","Радамер","Oscypek","Тваруг","Brindza","Oscypek","Radamer","Twaróg","What is the name of the traditional smoked sheep's milk cheese made in the Polish mountains?","Осципек (Oscypek)","Polsha tog'larida tayyorlangan an'anaviy dudlangan qo'y suti pishlog'ining nomi nima?","Бріндза","Radamer","Tvarug","Бриндза","Осцыпек (Oscypek)","Tvarug","Radamer","Як називається традиційний копчений сир із овечого молока, який роблять у польських горах?","Oscypek","Bryndza","6a5b4a4130ee48091b30f2c3","2026-07-18T09:41:21.418000","2026-07-18T09:41:21.418000","6932c1a5cee41be4b8ef3e6a","mirkhakimadashaliev@gmail.com","false"
"Лев","Кто изображен на гербе Варшавы?","Вавельський дракон","C","White eagle","Kto jest przedstawiony na herbie Warszawy?","Вавельский дракон","Suv parisi (Sirenka)","Лев","Oq burgut","Mermaid (Syrenka)","Smok Wawelski","Lew","Who is depicted on the coat of arms of Warsaw?","Русалка (Syrenka)","Varshava gerbida kim tasvirlangan?","Білий орел","The Wawel Dragon","Arslon","Белый орел","Русалка (Syrenka)","Lion","Wawel Ajdaho","Хто зображений на гербі Варшави?","Syrenka","Biały orzeł","6a5b4a4130ee48091b30f2c4","2026-07-18T09:41:21.418000","2026-07-18T09:41:21.418000","6932c1a5cee41be4b8ef3e6a","mirkhakimadashaliev@gmail.com","false"
"Свиноуйсьце","Какой польский город является крупнейшим морским портом страны?","Гдиня","C","Szczecin","Które polskie miasto jest największym portem morskim w kraju?","Гдыня","Gdansk","Свиноуйсьце","Shchetsin","Gdansk","Gdynia","Świnoujście","Which Polish city is the country's largest seaport?","Гданськ","Polshaning qaysi shahri mamlakatning eng yirik dengiz porti hisoblanadi?","Щецін","Gdynia","Swinoujscie","Щецин","Гданьск","Swinoujscie","Gdiniya","Яке польське місто є найбільшим морським портом країни?","Gdańsk","Szczecin","6a5b4a4130ee48091b30f2c5","2026-07-18T09:41:21.418000","2026-07-18T09:41:21.418000","6932c1a5cee41be4b8ef3e6a","mirkhakimadashaliev@gmail.com","false"
"Мазовія","Какой регион Польши называют ""Краем тысячи озер""?","Мазури","B","Silesia","Który region Polski nazywany jest „Krainą Tysiąca Jezior”?","Мазуры","Pomeraniya","Мазовия","Sileziya","Pomerania","Mazury","Mazowsze","Which region of Poland is called the ""Land of a Thousand Lakes""?","Поміряння","Polshaning qaysi mintaqasi ""Ming ko'l mamlakati"" deb ataladi?","Сілезія","Mazur","Mazoviya","Силезия","Померания","Mazovia","Mazur","Який регіон Польщі називають ""Краєм тисячі озер""?","Pomorze","Śląsk","6a5b4a4130ee48091b30f2c6","2026-07-18T09:41:21.418000","2026-07-18T09:41:21.418000","6932c1a5cee41be4b8ef3e6a","mirkhakimadashaliev@gmail.com","false"
"Маріуш Пудзяновський","Кто из этих польских спортсменов является всемирно известным футболистом, нападающим?","Роберт Левандовський","B","Adam the Kid","Który z tych polskich sportowców jest światowej sławy piłkarzem, napastnikiem?","Роберт Левандовски","Kamil Stoch","Мариуш Пудзяновский","Adam Kid","Kamil Stoch","Robert Lewandowski","Mariusz Pudzianowski","Which of these Polish athletes is a world-famous football player, striker?","Каміль Стох","Ushbu polshalik sportchilardan qaysi biri dunyoga mashhur futbolchi, hujumchi?","Адам Малий","Robert Lewandowski","Mariush Pudzianowski","Адам Малыш","Камиль Стох","Mariusz Pudzianowski","Robert Levandovski","Хто з цих польських спортсменів є всесвітньо відомим футболістом, який нападає?","Kamil Stoch","Adam Dzieciak","6a5b4a4130ee48091b30f2c7","2026-07-18T09:41:21.418000","2026-07-18T09:41:21.418000","6932c1a5cee41be4b8ef3e6a","mirkhakimadashaliev@gmail.com","false"
"Капусняк","Как называется традиционный польский суп из говяжьего рубца?","Крупник","A","Flaki","Jak nazywa się tradycyjna polska zupa z flaków wołowych?","Крупник","Chlodnik","Капусняк","Flaki","Chlodnik","Krupnik","Kapuśniak","What is the name of traditional Polish beef tripe soup?","Хлодник","An'anaviy Polsha mol go'shti sho'rvasining nomi nima?","Фляки (Flaki)","Krupnik","Kapusnyak","Фляки (Flaki)","Хлодник","Kapusnyak","Krupnik","Як називається традиційний польський суп із яловичого рубця?","Chłodnik","Flaki","6a5b4a4130ee48091b30f2c8","2026-07-18T09:41:21.418000","2026-07-18T09:41:21.418000","6932c1a5cee41be4b8ef3e6a","mirkhakimadashaliev@gmail.com","false"
"Cebularz","Как называется популярный польский стрит-фуд — половинка багета, запеченная с грибами и сыром?","Kanapka","A","Zapiekanka (Casserole)","Jak nazywa się popularne polskie jedzenie uliczne – pół bagietki zapiekanej z pieczarkami i serem?","Kanapka","Tost","Cebularz","Zapiekanka (Kastryulka)","Toast","Kanapka","Cebularz","What is the name of the popular Polish street food—half a baguette baked with mushrooms and cheese?","Tost","Polshaning mashhur ko'cha taomi — qo'ziqorin va pishloq bilan pishirilgan yarim bagetning nomi nima?","Zapiekanka (Запіканка)","Kanapka","Cebularz","Zapiekanka (Запеканка)","Tost","Cebularz","Kanapka","Як називається популярний польський стріт-фуд — половинка багету, запечена з грибами та сиром?","Toast","Zapiekanka","6a5b4a4130ee48091b30f2c9","2026-07-18T09:41:21.418000","2026-07-18T09:41:21.418000","6932c1a5cee41be4b8ef3e6a","mirkhakimadashaliev@gmail.com","false"
"Олешківські піски","Какая пустыня, единственная в своем роде в Европе, находится на территории Польши?","Гобі","C","Sahara","Która pustynia, jedyna tego rodzaju w Europie, znajduje się w Polsce?","Гоби","Blendovskaya cho'li","Олешковские пески","Sahara","Blendovskaya Desert","Gobi","Piaski Oleszkowskie","Which desert, the only one of its kind in Europe, is located in Poland?","Блендівська пустеля","Yevropadagi o'z turidagi yagona cho'l Polshada joylashgan qaysi cho'l?","Цукру","Gobi","Oleshkovskiy qumlari","Сахара","Блендовская пустыня","Oleshkovsky Sands","Gobi","Яка пустеля, єдина у своєму роді в Європі, знаходиться на території Польщі?","Pustynia Błędowska","Sahara","6a5b4a4130ee48091b30f2ca","2026-07-18T09:41:21.418000","2026-07-18T09:41:21.418000","6932c1a5cee41be4b8ef3e6a","mirkhakimadashaliev@gmail.com","false"
"Білосток","Какой польский город известен своей текстильной промышленностью и знаменитой улицей Пётрковской?","Познань","A","Lodz","Które polskie miasto słynie z przemysłu włókienniczego oraz ulicy Piotrkowskiej?","Познань","Lublin","Белосток","Lodz","Lublin","Poznań","Białystok","Which Polish city is famous for its textile industry and the famous Piotrkowska Street?","Люблін","Polshaning qaysi shahri o'zining to'qimachilik sanoati va mashhur Piotrkovska ko'chasi bilan mashhur?","Лодзь","Poznan","Bialistok","Лодзь","Люблин","Bialystok","Poznan","Яке польське місто відоме своєю текстильною промисловістю та знаменитою вулицею Петрківською?","Lublin","Łódź","6a5b4a4130ee48091b30f2cb","2026-07-18T09:41:21.418000","2026-07-18T09:41:21.418000","6932c1a5cee41be4b8ef3e6a","mirkhakimadashaliev@gmail.com","false"
"Замок у Недзіці","Какой замок в Польше является крупнейшим кирпичным замком в мире и бывшей резиденцией крестоносцев?","Ксьонж","C","Wawel","Który zamek w Polsce jest największym ceglanym zamkiem na świecie i dawną rezydencją krzyżacką?","Ксёнж","Malbork qal'asi","Замок в Недзице","Vavel","Malbork Castle","Zamek Książ","Zamek w Niedzicy","Which castle in Poland is the largest brick castle in the world and a former Teutonic Knights' residence?","Замок у Мальборку","Polshadagi qaysi qal'a dunyodagi eng katta g'isht qal'a va sobiq Tevton ritsarlarining qarorgohi?","Вавель","Ksenzh","Niedzicadagi qal'a","Вавель","Замок в Мальборке","Castle in Niedzica","Ksenj","Який замок у Польщі є найбільшим цегляним замком у світі та колишньою резиденцією хрестоносців?","Zamek w Malborku","Wawel","6a5b4a4130ee48091b30f2cc","2026-07-18T09:41:21.418000","2026-07-18T09:41:21.418000","6932c1a5cee41be4b8ef3e6a","mirkhakimadashaliev@gmail.com","false"
"Mikołajki","Как называется польский рождественский сочельник, во время которого на стол подают 12 постных блюд?","Пастерка","A","Wigilia (Vigilia)","Jak nazywa się polskie święto, podczas którego podaje się 12 potraw wielkopostnych?","Pasterka","Silvester","Mikołajki","Vigiliya (Vigiliya)","Sylwester","Pasterka","Mikołajki","What is the name of the Polish Christmas Eve feast during which 12 Lenten dishes are served?","Sylwester","Polsha Rojdestvo arafasida 12 ta Ro'za taomi tortiladigan ziyofatning nomi nima?","Wigilia (Вігілія)","Pasterka","Mikołajki","Wigilia (Вигилия)","Sylwester","Mikołajki","Pasterka","Як називається польський різдвяний святвечір, під час якого на стіл подають 12 пісних страв?","Sylwester","Wigilia","6a5b4a4130ee48091b30f2cd","2026-07-18T09:41:21.418000","2026-07-18T09:41:21.418000","6932c1a5cee41be4b8ef3e6a","mirkhakimadashaliev@gmail.com","false"
"Фарбують яйця","Что традиционно делают в Польше в ночь на Анджейки (Andrzejki)?","Обливаються водою","C","Jumping over the fire","Co tradycyjnie robi się w Polsce w Noc Andrzejkową?","Обливаются водой","Ular folbinlikni uyushtirishadi (masalan, mum quyish)","Красят яйца","Olov ustidan sakrash","They organize fortune telling (for example, pouring wax)","Polewanie się wodą","Malowanie jajek","What is traditionally done in Poland on Andrzejki Night?","Влаштовують ворожіння (наприклад, ллють віск)","Andjeyki kechasida Polshada an'anaviy ravishda nima qilinadi?","Стрибають через багаття","They pour water on themselves","Ular tuxumni bo'yashadi","Прыгают через костер","Устраивают гадания (например, льют воск)","They paint eggs","Ular o'zlariga suv quyishadi","Що традиційно роблять у Польщі у ніч на Анджейки (Andrzejki)?","Wróżenie (lanie wosku)","Skakanie przez ogień","6a5b4a4130ee48091b30f2ce","2026-07-18T09:41:21.418000","2026-07-18T09:41:21.418000","6932c1a5cee41be4b8ef3e6a","mirkhakimadashaliev@gmail.com","false"
"Збігнєв Прайснер","Какой польский композитор написал музыку к голливудским фильмам ""Дракула"" и ""Пианист""?","Войцех Кіляр","B","Fryderyk Chopin","Który polski kompozytor napisał muzykę do hollywoodzkich filmów „Drakula” i „Pianista”?","Войцех Киляр","Krishtof Penderecki","Збигнев Прайснер","Frederik Shopen","Krzysztof Penderecki","Wojciech Kilar","Zbigniew Preisner","Which Polish composer wrote the music for the Hollywood films ""Dracula"" and ""The Pianist""?","Кшиштоф Пендерецький","Gollivudning ""Drakula"" va ""Pianinochi"" filmlari uchun musiqani qaysi polshalik bastakor yozgan?","Фрідерік Шопен","Wojciech Kilar","Zbignev Preisner","Фридерик Шопен","Кшиштоф Пендерецкий","Zbigniew Preisner","Voytsex Kilar","Який польський композитор написав музику до голлівудських фільмів ""Дракула"" та ""Піаніст""?","Krzysztof Penderecki","Fryderyk Chopin","6a5b4a4130ee48091b30f2cf","2026-07-18T09:41:21.418000","2026-07-18T09:41:21.418000","6932c1a5cee41be4b8ef3e6a","mirkhakimadashaliev@gmail.com","false"
"Литва","Какая страна НЕ имеет общей сухопутной границы с Польшей?","Чехія","C","Germany","Który kraj NIE ma granicy lądowej z Polską?","Чехия","Vengriya","Литва","Germaniya","Hungary","Czechy","Litwa","Which country does NOT share a land border with Poland?","Угорщина","Qaysi davlat Polsha bilan quruqlik chegarasiga ega emas?","Німеччина","Czech Republic","Litva","Германия","Венгрия","Lithuania","Chex Respublikasi","Яка країна не має спільного сухопутного кордону з Польщею?","Węgry","Niemcy","6a5b4a4130ee48091b30f2d0","2026-07-18T09:41:21.418000","2026-07-18T09:41:21.418000","6932c1a5cee41be4b8ef3e6a","mirkhakimadashaliev@gmail.com","false"
"Ogórkowa (Огірковий суп)","Как называется популярный в Польше куриный бульон с лапшой, который часто подают по воскресеньям?","Barszcz (Борщ)","A","Rosół (Rosul)","Jak nazywa się popularna w Polsce zupa z kurczakiem i makaronem, którą często podaje się w niedzielę?","Barszcz (Борщ)","Pomidorowa (Pomidor sho'rva)","Ogórkowa (Огуречный суп)","Rosół (Rosul)","Pomidorowa (Tomato Soup)","Barszcz","Ogórkowa","What is the name of the popular chicken noodle soup in Poland that is often served on Sundays?","Pomidorowa (Томатний суп)","Polshada yakshanba kunlari ko'pincha tortiladigan mashhur tovuqli makaron sho'rvaning nomi nima?","Rosół (Росул)","Barszcz (Borscht)","Ogórkowa (Bodring sho'rva)","Rosół (Росул)","Pomidorowa (Томатный суп)","Ogórkowa (Cucumber Soup)","Barszcz (Borscht)","Як називається популярний у Польщі курячий бульйон із локшиною, який часто подають у неділю?","Pomidorowa","Rosół","6a5b4a4130ee48091b30f2d1","2026-07-18T09:41:21.418000","2026-07-18T09:41:21.418000","6932c1a5cee41be4b8ef3e6a","mirkhakimadashaliev@gmail.com","false"
"Bloober Team","Какая польская студия разработала серию игр «Ведьмак» (The Witcher)?","CD Projekt RED","B","Techland","Które polskie studio stworzyło serię gier Wiedźmin?","CD Projekt RED","11 Bit Studios","Bloober Team","Texnologiya","11 Bit Studios","CD Projekt RED","Zespół Bloobera","Which Polish studio developed The Witcher game series?","11 bit studios","The Witcher o'yin seriyasini qaysi Polsha studiyasi ishlab chiqqan?","Techland","CD Projekt RED","Bloober jamoasi","Techland","11 bit studios","Bloober Team","CD loyihasi RED","Яка польська студія розробила серію ігор ""Відьмак"" (The Witcher)?","11 Bit Studios","Techland","6a5b4a4130ee48091b30f2d2","2026-07-18T09:41:21.418000","2026-07-18T09:41:21.418000","6932c1a5cee41be4b8ef3e6a","mirkhakimadashaliev@gmail.com","false"
"Агнешка Осецька","Кто из этих польских поэтесс получил Нобелевскую премию по литературе в 1996 году?","Ольга Токарчук","A","Wisława Szymborska","Która z tych polskich poetek otrzymała w 1996 roku literacką Nagrodę Nobla?","Ольга Токарчук","Mariya Konopnitskaya","Агнешка Осецкая","Wisława Szymborska","Maria Konopnitskaya","Olga Tokarczuk","Agnieszka Osiecka","Which of these Polish poets received the Nobel Prize in Literature in 1996?","Марія Конопницька","Ushbu polyak shoirlaridan qaysi biri 1996-yilda adabiyot bo'yicha Nobel mukofotiga sazovor bo'lgan?","Віслава Шимборська","Olga Tokarczuk","Agnieszka Osiecka","Вислава Шимборская","Мария Конопницкая","Agnieszka Osiecka","Olga Tokarchuk","Хто з цих польських поетес отримав Нобелівську премію з літератури у 1996 році?","Maria Konopnicka","Wisława Szymborska","6a5b4a4130ee48091b30f2d3","2026-07-18T09:41:21.418000","2026-07-18T09:41:21.418000","6932c1a5cee41be4b8ef3e6a","mirkhakimadashaliev@gmail.com","false"
"Катажина Бонда","Какая польская писательница стала лауреатом Нобелевской премии по литературе за 2018 год?","Ольга Токарчук","B","Eliza Orzeszko","Która polska pisarka otrzymała Literacką Nagrodę Nobla w 2018 roku?","Ольга Токарчук","Dorota Maslovskaya","Катажина Бонда","Eliza Orzeszko","Dorota Maslovskaya","Olga Tokarczuk","Katarzyna Bonda","Which Polish writer won the 2018 Nobel Prize in Literature?","Дорота Масловська","2018-yilgi adabiyot bo'yicha Nobel mukofotiga qaysi polshalik yozuvchi sazovor bo'ldi?","Еліза Ожешко","Olga Tokarczuk","Katarzyna Bonda","Элиза Ожешко","Дорота Масловская","Katarzyna Bonda","Olga Tokarchuk","Яка польська письменниця стала лауреатом Нобелівської премії з літератури за 2018 рік?","Dorota Masłowska","Eliza Orzeszko","6a5b4a4130ee48091b30f2d4","2026-07-18T09:41:21.418000","2026-07-18T09:41:21.418000","6932c1a5cee41be4b8ef3e6a","mirkhakimadashaliev@gmail.com","false"
"Халупи","Какое озеро является самым большим в Польше?","Лебсько","C","Mamry","Które jezioro jest największe w Polsce?","Лебско","Sniardwy","Халупы","Mamri","Sniardwy","Lebsko","Chałupy","Which lake is the largest in Poland?","Снярдви","Polshadagi eng katta ko'l qaysi?","Мамри","Lebsko","kulbalar","Мамры","Снярдвы","huts","Lebsko","Яке озеро є найбільшим у Польщі?","Śniardwy","Mamry","6a5b4a4130ee48091b30f2d5","2026-07-18T09:41:21.418000","2026-07-18T09:41:21.418000","6932c1a5cee41be4b8ef3e6a","mirkhakimadashaliev@gmail.com","false"
"Колобжег","В каком польском городе находится самый длинный деревянный пирс (molo) в Европе?","Гдиня","C","Gdansk","Które polskie miasto ma najdłuższe drewniane molo w Europie?","Гдыня","Sopot","Колобжег","Gdansk","Sopot","Gdynia","Kołobrzeg","Which Polish city has the longest wooden pier (molo) in Europe?","Сопіт","Yevropadagi eng uzun yog'och iskala (molo) Polshaning qaysi shahrida joylashgan?","Гданськ","Gdynia","Kolobrzeg","Гданьск","Сопот","Kolobrzeg","Gdiniya","У якому польському місті знаходиться найдовший дерев'яний пірс (molo) у Європі?","Sopot","Gdańsk","6a5b4a4130ee48091b30f2d6","2026-07-18T09:41:21.418000","2026-07-18T09:41:21.418000","6932c1a5cee41be4b8ef3e6a","mirkhakimadashaliev@gmail.com","false"
"Гніздо","Какой город был первой исторической столицей Польши?","Краків","D","Warsaw","Które miasto było pierwszą historyczną stolicą Polski?","Краков","Poznan","Гнезно","Varshava","Poznan","Kraków","Gniezno","What city was the first historical capital of Poland?","Познань","Polshaning birinchi tarixiy poytaxti qaysi shahar bo'lgan?","Варшава","Krakow","Gniezno","Варшава","Познань","Gniezno","Krakov","Яке місто було першою історичною столицею Польщі?","Poznań","Warszawa","6a5b4a4130ee48091b30f2d7","2026-07-18T09:41:21.418000","2026-07-18T09:41:21.418000","6932c1a5cee41be4b8ef3e6a","mirkhakimadashaliev@gmail.com","false"
"Люблін","С каким городом связана легенда о двух бодающихся козликах на башне ратуши?","Вроцлав","A","Poznan","Z którym miastem wiąże się legenda o dwóch kozach bodących się na wieży ratusza?","Вроцлав","Torun","Люблин","Poznan","Torun","Wrocław","Lublin","Which city is associated with the legend of two goats butting each other on the town hall tower?","Торунь","Shahar hokimiyati minorasida ikki echkining bir-birini urishishi haqidagi afsona qaysi shahar bilan bog'liq?","Познань","Wroclaw","Lublin","Познань","Торунь","Lublin","Vrotslav","З яким містом пов'язана легенда про двох козликів на вежі ратуші?","Toruń","Poznań","6a5b4a4130ee48091b30f2d8","2026-07-18T09:41:21.418000","2026-07-18T09:41:21.418000","6932c1a5cee41be4b8ef3e6a","mirkhakimadashaliev@gmail.com","false"
"Вадовиці","В каком городе находится монастырь Ясная Гура с чудотворной иконой Чёрной Мадонны?","Краків","A","Czestochowa","W którym mieście znajduje się klasztor na Jasnej Górze z cudownym obrazem Czarnej Madonny?","Краков","Gniezno","Вадовице","Czestochowa","Gniezno","Kraków","Wadowice","In which city is the Jasna Góra Monastery with the miraculous icon of the Black Madonna located?","Гніздо","Qora Madonnaning mo''jizaviy ikonasi joylashgan Jasna Gora monastiri qaysi shaharda joylashgan?","Ченстохова","Krakow","Vadowice","Ченстохова","Гнезно","Wadowice","Krakov","У якому місті знаходиться монастир Ясна Гура з чудотворною іконою Чорної Мадонни?","Gniezno","Częstochowa","6a5b4a4130ee48091b30f2d9","2026-07-18T09:41:21.418000","2026-07-18T09:41:21.418000","6932c1a5cee41be4b8ef3e6a","mirkhakimadashaliev@gmail.com","false"
"Камо прийдеш (Quo Vadis)","За какой роман Генрик Сенкевич получил Нобелевскую премию по литературе в 1905 году?","Потоп","D","By fire and sword","Za którą powieść Henryk Sienkiewicz otrzymał w 1905 roku literacką Nagrodę Nobla?","Потоп","Salibchilar","Камо грядеши (Quo Vadis)","Olov va qilich bilan","Crusaders","Powódź","Quo Vadis","For which novel did Henryk Sienkiewicz receive the Nobel Prize in Literature in 1905?","Хрестоносці","Genrix Senkevich 1905-yilda qaysi romani uchun adabiyot bo'yicha Nobel mukofotiga sazovor bo'lgan?","Вогнем та мечем","Flood","Quo Vadis","Огнём и мечом","Крестоносцы","Quo Vadis","To'fon","За який роман Генрік Сенкевич отримав Нобелівську премію з літератури у 1905 році?","Krzyżacy","Ogniem i mieczem","6a5b4a4130ee48091b30f2da","2026-07-18T09:41:21.418000","2026-07-18T09:41:21.418000","6932c1a5cee41be4b8ef3e6a","mirkhakimadashaliev@gmail.com","false"
"Kasztanki","Как называются популярные польские конфеты из молочной помадки?","Krówki (Крувки)","B","Ptasie mleczko","Jak nazywa się popularny polski cukierek mleczny o smaku fudge?","Krówki (Крувки)","Michałki","Kasztanki","Ptasie mleczko","Michałki","Krówki","Kasztanki","What is the name of the popular Polish milk fudge candy?","Michałki","Polshada mashhur sutli fudge konfetining nomi nima?","Ptasie mleczko","Krówki (Krówki)","Kasztanki","Ptasie mleczko","Michałki","Kasztanki","Krówki (Krówki)","Як називаються популярні польські цукерки із молочної помадки?","Michałki","Ptasie mleczko","6a5b4a4130ee48091b30f2db","2026-07-18T09:41:21.418000","2026-07-18T09:41:21.418000","6932c1a5cee41be4b8ef3e6a","mirkhakimadashaliev@gmail.com","false"
"2010","В каком году Польша стала членом НАТО?","1999","B","1990","W którym roku Polska stała się członkiem NATO?","1999","2004-yil","2010","1990-yil","2004","1999","2010","In what year did Poland become a member of NATO?","2004","Polsha qaysi yilda NATOga a'zo bo'ldi?","1990","1999","2010-yil","1990","2004","2010","1999-yil","Якого року Польща стала членом НАТО?","2004","1990","6a5b4a4130ee48091b30f2dc","2026-07-18T09:41:21.418000","2026-07-18T09:41:21.418000","6932c1a5cee41be4b8ef3e6a","mirkhakimadashaliev@gmail.com","false"
"Торунь","В каком польском городе родился Николай Коперник?","Варшава","D","Krakow","W którym polskim mieście urodził się Mikołaj Kopernik?","Варшава","Gdansk","Торунь","Krakov","Gdansk","Warszawa","Toruń","In which Polish city was Nicolaus Copernicus born?","Гданськ","Nikolay Kopernik Polshaning qaysi shahrida tug'ilgan?","Краків","Warsaw","Torun","Краков","Гданьск","Torun","Varshava","У якому польському місті народився Микола Коперник?","Gdańsk","Kraków","6a5b4a4130ee48091b30f2dd","2026-07-18T09:41:21.418000","2026-07-18T09:41:21.418000","6932c1a5cee41be4b8ef3e6a","mirkhakimadashaliev@gmail.com","false"
"Пеніни","Какие горы на юго-востоке Польши славятся своими дикими пейзажами и полонинами?","Бещади (Bieszczady)","B","Tatra Mountains","Które góry w południowo-wschodniej Polsce słyną z dzikich krajobrazów i łąk?","Бещады (Bieszczady)","Karkonosze","Пенины","Tatra tog'lari","Karkonosze","Bieszczady","Pieniny","Which mountains in southeastern Poland are famous for their wild landscapes and meadows?","Карконоше","Polshaning janubi-sharqidagi qaysi tog'lar o'zining yovvoyi landshaftlari va o'tloqlari bilan mashhur?","Татри","Bieszczady Mountains","Penini","Татры","Карконоше","Peniny","Bieszczady tog'lari","Які гори на південному сході Польщі славляться своїми дикими краєвидами та полонинами?","Karkonosze","Tatry","6a5b4a4130ee48091b30f2de","2026-07-18T09:41:21.418000","2026-07-18T09:41:21.418000","6932c1a5cee41be4b8ef3e6a","mirkhakimadashaliev@gmail.com","false"
"Золотий орел на зеленому тлі","Как выглядит польский герб?","Червоний лев на білому тлі","A","White eagle with a crown on a red background","Jak wygląda godło Polski","Красный лев на белом фоне","Moviy fonda oq ayiq","Золотой орел на зеленом фоне","Qizil fonda tojli oq burgut","Polar bear on a blue background","Czerwony lew na białym tle","Orzeł przedni na zielonym tle","What does the Polish coat of arms look like?","Білий ведмідь на блакитному тлі.","Polsha gerbi qanday ko'rinishga ega?","Білий орел з короною на червоному тлі","Red lion on a white background","Yashil fonda oltin burgut","Белый орел с короной на красном фоне","Белый медведь на синем фоне","Golden eagle on a green background","Oq fonda qizil sher","Який вигляд має польський герб?","Niedźwiedź polarny na niebieskim tle","Biały orzeł w koronie na czerwonym tle","6a5b4a4130ee48091b30f27d","2026-07-18T09:41:21.417000","2026-07-18T09:41:21.417000","6932c1a5cee41be4b8ef3e6a","mirkhakimadashaliev@gmail.com","false"
"Червоно-синій","Как выглядит польский флаг?","Біло-червоний (згори білий, знизу червоний)","B","Red and white (red on top, white on the bottom)","Jak wygląda flaga Polski?","Бело-красный (сверху белый, снизу красный)","Oq va ko'k","Красно-синий","Qizil va oq (yuqorida qizil, pastki qismida oq)","White and blue","Biało-czerwona (biała na górze, czerwona na dole)","Czerwono-niebieska","What does the Polish flag look like?","Біло-синій","Polsha bayrog'i qanday ko'rinishga ega?","Червоно-білий (згори червоний, знизу білий)","White and red (white on top, red on the bottom)","Qizil va ko'k","Красно-белый (сверху красный, снизу белый)","Бело-синий","Red and blue","Oq va qizil (yuqoridan oq, pastki qismidan qizil)","Який вигляд має польський прапор?","Biało-niebieska","Czerwono-biała (czerwona na górze, biała na dole)","6a5b4a4130ee48091b30f27e","2026-07-18T09:41:21.417000","2026-07-18T09:41:21.417000","6932c1a5cee41be4b8ef3e6a","mirkhakimadashaliev@gmail.com","false"
"1791 рік","Дата крещения Польши?","1025 рік","A","966","Data chrztu Polski?","1025 год","1410-yil","1791 год","966","1410","1025","1791","Date of the baptism of Poland?","1410 рік","Polsha suvga cho'mdirilgan sana?","966 рік","1025","1791-yil","966 год","1410 год","1791","1025","Дата хрещення Польщі?","1410","966","6a5b4a4130ee48091b30f27f","2026-07-18T09:41:21.417000","2026-07-18T09:41:21.417000","6932c1a5cee41be4b8ef3e6a","mirkhakimadashaliev@gmail.com","false"
"Warszawianka","Польский гимн называется...","Bogurodzica","C","Rota","Polskim hymnem narodowym jest...","Bogurodzica","Mazurek Dąbrowskiego","Warszawianka","Rota","Mazurek Dąbrowskiego","Bogurodzica","Warszawianka","The Polish anthem is called...","Mazurek Dąbrowskiego","Polsha madhiyasi ... deb ataladi.","Rota","Bogurodzica","Varszawianka","Rota","Mazurek Dąbrowskiego","Varszawianka","Bogurodzica","Польський гімн називається...","Mazurek Dąbrowskiego","Rota","6a5b4a4130ee48091b30f280","2026-07-18T09:41:21.417000","2026-07-18T09:41:21.417000","6932c1a5cee41be4b8ef3e6a","mirkhakimadashaliev@gmail.com","false"
"День вчителя","Какой из перечисленных праздников является государственным праздником Польши?","День святого Валентина","A","Constitution Day, May 3","Które z poniższych świąt jest świętem państwowym w Polsce?","День святого Валентина","Onalar kuni","День учителя","Konstitutsiya kuni, 3-may","Mother's Day","Walentynki","Dzień Nauczyciela","Which of the following holidays is a public holiday in Poland?","День матері","Quyidagi bayramlarning qaysi biri Polshada davlat bayrami hisoblanadi?","День Конституції 3 травня","Valentine's Day","O'qituvchilar kuni","День Конституции 3 мая","День матери","Teacher's Day","sevishganlar kuni","Яке з перерахованих свят є державним святом Польщі?","Dzień Matki","Dzień Konstytucji 3 maja","6a5b4a4130ee48091b30f281","2026-07-18T09:41:21.417000","2026-07-18T09:41:21.417000","6932c1a5cee41be4b8ef3e6a","mirkhakimadashaliev@gmail.com","false"
"День праці","Какой праздник является одним из главных католических праздников в Польше?","Хелловін","A","Easter","Które święto jest jednym z głównych świąt katolickich w Polsce?","Хэллоуин","Mustaqillik kuni","День труда","Pasxa","independence Day","Halloween","Dzień Pracy","What holiday is one of the main Catholic holidays in Poland?","День незалежності","Polshadagi asosiy katolik bayramlaridan biri qaysi bayram?","Великдень","Halloween","Ishchilar kuni","Пасха","День независимости","Labor Day","Xellouin","Яке свято є одним із головних католицьких свят у Польщі?","Dzień Niepodległości","Wielkanoc","6a5b4a4130ee48091b30f282","2026-07-18T09:41:21.417000","2026-07-18T09:41:21.417000","6932c1a5cee41be4b8ef3e6a","mirkhakimadashaliev@gmail.com","false"
"Октоберфест","Какая традиция характерна для Польши?","День подяки","A","Śmigus-Dyngus (Easter Monday water pouring)","Jaka tradycja jest typowa dla Polski?","День благодарения","Riodagi karnaval","Октоберфест","Śmigus-Dyngus (Pasxa dushanba kuni suv quyish)","Carnival in Rio","Dzień Dziękczynienia","Oktoberfest","What tradition is typical for Poland?","Карнавал у Ріо","Polsha uchun qaysi an'ana xos?","Śmigus-Dyngus (обливання водою у Великодній понеділок)","Thanksgiving Day","Oktoberfest","Śmigus-Dyngus (обливание водой в Пасхальный понедельник)","Карнавал в Рио","Oktoberfest","Minnatdorchilik kuni","Яка традиція є характерною для Польщі?","Karnawał w Rio","Śmigus-Dyngus (polewanie wodą w Poniedziałek Wielkanocny)","6a5b4a4130ee48091b30f283","2026-07-18T09:41:21.417000","2026-07-18T09:41:21.417000","6932c1a5cee41be4b8ef3e6a","mirkhakimadashaliev@gmail.com","false"
"Том-ям","Какое из блюд является традиционно польским?","Бігос","B","Sushi","Które danie jest tradycyjnie polskie?","Бигос","Paella","Том-ям","Sushi","Paella","Bigos","Tom-yum","Which dish is traditionally Polish?","Паелья","Qaysi taom an'anaviy ravishda Polsha taomi hisoblanadi?","Суші","Bigos","Tom-yum","Суши","Паэлья","Tom-yum","Bigos","Яка із страв є традиційно польською?","Paella","Sushi","6a5b4a4130ee48091b30f284","2026-07-18T09:41:21.417000","2026-07-18T09:41:21.417000","6932c1a5cee41be4b8ef3e6a","mirkhakimadashaliev@gmail.com","false"
"Thomas Едісон","Кто из перечисленных является польским лауреатом Нобелевской премии?","Альберт Ейнштейн","A","Marie Skłodowska-Curie","Kto jest laureatem/-tką nagrody Nobla","Альберт Эйнштейн","Niels Bor","Thomas Эдисон","Mari Sklodovska-Kyuri","Niels Bohr","Albert Einstein","Thomas Edison","Who of the following is a Polish Nobel Prize laureate?","Нільс Бор","Quyidagilardan qaysi biri Polsha Nobel mukofoti laureati?","Марія Склодовська-Кюрі","Albert Einstein","Tomas Edison","Мария Склодовская-Кюри","Нильс Бор","Thomas Edison","Albert Eynshteyn","Хто із перерахованих є польським лауреатом Нобелівської премії?","Niels Bohr","Maria Skłodowska-Curie","6a5b4a4130ee48091b30f285","2026-07-18T09:41:21.417000","2026-07-18T09:41:21.417000","6932c1a5cee41be4b8ef3e6a","mirkhakimadashaliev@gmail.com","false"
"Олень","Какое животное считается символом Беловежской пущи?","Вовк","C","Elk","Jakie zwierzę jest uważane za symbol Puszczy Białowieskiej?","Волк","Bizon","Олень","Bug'u","Bison","Wilk","Jeleń","What animal is considered the symbol of Belovezhskaya Pushcha?","Зубр","Qaysi hayvon Belovejskaya Pushchaning ramzi hisoblanadi?","Лось","Wolf","Kiyik","Лось","Зубр","Deer","Bo'ri","Яка тварина вважається символом Біловезької пущі?","Bizon","Jeleń kanadyjski","6a5b4a4130ee48091b30f286","2026-07-18T09:41:21.417000","2026-07-18T09:41:21.417000","6932c1a5cee41be4b8ef3e6a","mirkhakimadashaliev@gmail.com","false"
"Антоніо Вівальді","Кто из перечисленных является известным польским композитором?","Людвіг ван Бетховен","A","Fryderyk Chopin","Kto jest znanym polskim kompozytorem?","Людвиг ван Бетховен","Volfgang Amadeus Motsart","Антонио Вивальди","Frederik Shopen","Wolfgang Amadeus Mozart","Ludwig van Beethoven","Antonio Vivaldi","Which of the following is a famous Polish composer?","Вольфганг Амадей Моцарт","Quyidagilardan qaysi biri mashhur polshalik bastakor?","Фрідерік Шопен","Ludwig van Beethoven","Antonio Vivaldi","Фридерик Шопен","Вольфганг Амадей Моцарт","Antonio Vivaldi","Lyudvig van Betxoven","Хто із перелічених є відомим польським композитором?","Wolfgang Amadeusz Mozart","Fryderyk Chopin","6a5b4a4130ee48091b30f287","2026-07-18T09:41:21.417000","2026-07-18T09:41:21.417000","6932c1a5cee41be4b8ef3e6a","mirkhakimadashaliev@gmail.com","false"
"Мартін Скорсезе","Кто из перечисленных является известным польским кинорежиссёром?","Стівен Спілберг","A","Andrzej Wajda","Kto jest znanym polskim reżyserem filmowym?","Стивен Спилберг","Kristofer Nolan","Мартин Скорсезе","Andjey Vajda","Christopher Nolan","Steven Spielberg","Martin Scorsese","Which of the following is a famous Polish film director?","Крістофер Нолан","Quyidagilardan qaysi biri mashhur polshalik kinorejissyor?","Анджей Вайда","Steven Spielberg","Martin Skorseze","Анджей Вайда","Кристофер Нолан","Martin Scorsese","Stiven Spilberg","Хто з перелічених є відомим польським кінорежисером?","Christopher Nolan","Andrzej Wajda","6a5b4a4130ee48091b30f288","2026-07-18T09:41:21.417000","2026-07-18T09:41:21.417000","6932c1a5cee41be4b8ef3e6a","mirkhakimadashaliev@gmail.com","false"
"У Гданську","Где, согласно легенде, жил Вавельский дракон?","У Познані","C","In Warsaw","Gdzie według legendy mieszkał Smok Wawelski?","В Познани","Krakovda","В Гданьске","Varshavada","In Krakow","W Poznaniu","W Gdańsku","Where did the Wawel Dragon live, according to legend?","У Кракові","Afsonaga ko'ra, Wawel ajdaho qayerda yashagan?","У Варшаві","In Poznan","Gdanskda","В Варшаве","В Кракове","In Gdansk","Poznan shahrida","Де, за легендою, жив Вавельський дракон?","W Krakowie","W Warszawie","6a5b4a4130ee48091b30f289","2026-07-18T09:41:21.417000","2026-07-18T09:41:21.417000","6932c1a5cee41be4b8ef3e6a","mirkhakimadashaliev@gmail.com","false"
"Млинці","Что традиционно едят в Tłusty Czwartek (Жирный четверг)?","Пончики (pączki)","B","Pizza","Co tradycyjnie jada się w Tłusty Czwartek?","Пончики (pączki)","Vareniki","Блины","Pitsa","Vareniki","Pączki","Naleśniki","What is traditionally eaten on Tłusty Czwartek (Fat Thursday)?","Вареники","Tłusty Czwartek (Semiz Payshanba) da an'anaviy ravishda nima yeyiladi?","Піцу","Doughnuts (pączki)","Pancakes","Пиццу","Вареники","Pancakes","Doughnuts (pączki)","Що традиційно їдять у Tłusty Czwartek (Жирний четвер)?","Pierogi","Pizza","6a5b4a4130ee48091b30f28a","2026-07-18T09:41:21.417000","2026-07-18T09:41:21.417000","6932c1a5cee41be4b8ef3e6a","mirkhakimadashaliev@gmail.com","false"
"Лазання","Какое из перечисленных блюд является традиционно польским?","Солянка","C","Hot dog","Które z poniższych dań jest typowo polskie?","Солянка","Bigos","Лазанья","Xot-dog","Bigos","Solanka","Lasagne","Which of the following dishes is traditionally Polish?","Бігос","Quyidagi taomlarning qaysi biri an'anaviy ravishda Polsha taomlari hisoblanadi?","Хот-дог","Solyanka","Lazanya","Хот-дог","Бигос","Lasagna","Solyanka","Яка з перерахованих страв є традиційно польською?","Bigos","Hot dog","6a5b4a4130ee48091b30f28b","2026-07-18T09:41:21.417000","2026-07-18T09:41:21.417000","6932c1a5cee41be4b8ef3e6a","mirkhakimadashaliev@gmail.com","false"
"День захисту дітей","Какой праздник отмечается в Польше 1 ноября?","День Незалежності","C","Constitution Day","Jakie święto obchodzone jest w Polsce 1 listopada?","День Независимости","Barcha avliyolar kuni","День защиты детей","Konstitutsiya kuni","All Saints' Day","Dzień Niepodległości","Dzień Dziecka","What holiday is celebrated in Poland on November 1st?","День Усіх Святих","1-noyabr kuni Polshada qanday bayram nishonlanadi?","День Конституції","Independence Day","Bolalar kuni","День Конституции","День Всех Святых","Children's Day","Mustaqillik kuni","Яке свято відзначається у Польщі 1 листопада?","Dzień Wszystkich Świętych","Dzień Konstytucji","6a5b4a4130ee48091b30f28c","2026-07-18T09:41:21.417000","2026-07-18T09:41:21.417000","6932c1a5cee41be4b8ef3e6a","mirkhakimadashaliev@gmail.com","false"
"Козел","Кто из перечисленных связан с Краковом?","Русалонька","A","The Wawel Dragon","Która z poniższych postaci jest związana z Krakowem?","Русалочка","Neptun","Козёл","Wawel Ajdaho","Neptune","Mała Syrenka","Koza","Who of the following is associated with Krakow?","Нептун","Quyidagilardan qaysi biri Krakov bilan bog'liq?","Вавельський дракон","The Little Mermaid","Echki","Вавельский дракон","Нептун","Goat","Kichik suv parisi","Хто з перерахованих пов'язаний із Краковом?","Neptun","Smok Wawelski","6a5b4a4130ee48091b30f28d","2026-07-18T09:41:21.417000","2026-07-18T09:41:21.417000","6932c1a5cee41be4b8ef3e6a","mirkhakimadashaliev@gmail.com","false"
"Ернест Хемінгуей","Кто из перечисленных является известным польским писателем?","Лев Толстой","A","Adam Mickiewicz","Kto jest znanym polskim pisarzem?","Лев Толстой","Viktor Gyugo","Эрнест Хемингуэй","Adam Mickiewicz","Victor Hugo","Lew Tołstoj","Ernest Hemingway","Who of the following is a famous Polish writer?","Віктор Гюго","Quyidagilardan qaysi biri mashhur polyak yozuvchisi?","Адам Міцкевич","Leo Tolstoy","Ernest Xeminguey","Адам Мицкевич","Виктор Гюго","Ernest Hemingway","Leo Tolstoy","Хто із перелічених є відомим польським письменником?","Wiktor Hugo","Adam Mickiewicz","6a5b4a4130ee48091b30f28e","2026-07-18T09:41:21.417000","2026-07-18T09:41:21.417000","6932c1a5cee41be4b8ef3e6a","mirkhakimadashaliev@gmail.com","false"
"Dożynki","Какая из перечисленных польских традиций связана с освящением пасхальной корзины?","Andrzejki","A","Święconka","Która z poniższych polskich tradycji jest związana ze święceniem wielkanocnego koszyka?","Andrzejki","Wianki","Dożynki","Święconka","Wianki","Andrzejki","Dożynki","Which of the following Polish traditions is associated with the blessing of the Easter basket?","Wianki","Quyidagi Polsha an'analaridan qaysi biri Pasxa savatini duo qilish bilan bog'liq?","Święconka","Andrzejki","Dożynki","Święconka","Wianki","Dożynki","Andjeyki","Яка з перелічених польських традицій пов'язана із освяченням великоднього кошика?","Wianki","Święconka","6a5b4a4130ee48091b30f28f","2026-07-18T09:41:21.417000","2026-07-18T09:41:21.417000","6932c1a5cee41be4b8ef3e6a","mirkhakimadashaliev@gmail.com","false"
"Владислав Ягайло","Кто был первым королём Польши?","Мішко I","A","Bolesław I the Brave","Kto był pierwszym królem Polski?","Мешко I","Buyuk Kazimir III","Владислав Ягайло","Boleslav I Jasur","Casimir III the Great","Mieszko I","Władysław Jagiełło","Who was the first king of Poland?","Казимир III Великий","Polshaning birinchi qiroli kim bo'lgan?","Болеслав I Хоробрий (Bolesław Chrobry)","Mieszko I","Vladislav Yagiello","Болеслав I Храбрый (Bolesław Chrobry)","Казимир III Великий","Vladislav Jagiello","Meshko I","Хто був першим королем Польщі?","Kazimierz III Wielki","Bolesław I Chrobry","6a5b4a4130ee48091b30f290","2026-07-18T09:41:21.417000","2026-07-18T09:41:21.417000","6932c1a5cee41be4b8ef3e6a","mirkhakimadashaliev@gmail.com","false"
"Заснування Кракова","Что предусматривал Статут Болеслава Кривоустого (1138 г.)?","Поділ Польщі між синами князя","B","Adoption of the Constitution","Co przewidywał Statut Bolesława Krzywoustego (1138)?","Раздел Польши между сыновьями князя","Polshaning suvga cho'mishi","Основание Кракова","Konstitutsiyaning qabul qilinishi","Baptism of Poland","Podział Polski między synów księcia","Założenie Krakowa","What did the Statute of Bolesław the Wrymouth (1138) provide for?","Хрещення Польщі","Boleslav Vimouth Statuti (1138) nimani nazarda tutgan?","Ухвалення Конституції","The division of Poland between the prince's sons","Krakovning tashkil topishi","Принятие Конституции","Крещение Польши","The founding of Krakow","Polshaning shahzodaning o'g'illari o'rtasida bo'linishi","Що передбачав Статут Болеслава Кривоустого (1138)?","Chrzest Polski","Przyjęcie Konstytucji","6a5b4a4130ee48091b30f291","2026-07-18T09:41:21.417000","2026-07-18T09:41:21.417000","6932c1a5cee41be4b8ef3e6a","mirkhakimadashaliev@gmail.com","false"
"Був убитий татарами","Согласно легенде, как погиб князь Попель?","Був з'їдений мишами у вежі","B","In the battle with the Germans","Jak według legendy zmarł książę Popiel?","Был съеден мышами в башне","Vistulada cho'kib ketdi","Был убит татарами","Nemislar bilan jangda","Drowned in the Vistula","Został zjedzony przez myszy w wieży","Został zabity przez Tatarów","According to legend, how did Prince Popel die?","Потонув у Віслі","Afsonaga ko'ra, shahzoda Pop qanday vafot etgan?","У битві з німцями","Was eaten by mice in the tower","U tatarlar tomonidan o'ldirilgan","В битве с немцами","Утонул в Висле","He was killed by the Tatars","Minorada sichqonlar tomonidan yeb qo'yilgan","За легендою, як загинув князь Попель?","Utonął w Wiśle","W bitwie z Niemcami","6a5b4a4130ee48091b30f292","2026-07-18T09:41:21.417000","2026-07-18T09:41:21.417000","6932c1a5cee41be4b8ef3e6a","mirkhakimadashaliev@gmail.com","false"
"Архієпископом Гнезно","Кем был Пяст Колодзей?","Легендарним предком династії Пястів","B","Polish King","Kim był Piast Kołodziej?","Легендарным предком династии Пястов","Polsha qo'mondoni","Архиепископом Гнезно","Polsha qiroli","Polish commander","Legendarnym przodkiem dynastii Piastów","Arcybiskupem gnieźnieńskim","Who was Piast Kolodziej?","Польським полководцем","Pyast Kolodziej kim edi?","Польським королем","The legendary ancestor of the Piast dynasty","Gniezno arxiyepiskopi","Польским королём","Польским полководцем","Archbishop of Gniezno","Piast sulolasining afsonaviy ajdodi","Ким був Пяст Колодзей?","Polskim dowódcą","Polskim królem","6a5b4a4130ee48091b30f293","2026-07-18T09:41:21.417000","2026-07-18T09:41:21.417000","6932c1a5cee41be4b8ef3e6a","mirkhakimadashaliev@gmail.com","false"
"Був королем Польщі","Чем знаменит Ян Матейко?","Був художником","B","He was a composer.","Kim był Jan Matejko?","Был художником","U astronom edi.","Был королём Польши","U bastakor edi.","He was an astronomer.","Artystą","Królem Polski","What is Jan Matejko famous for?","Був астрономом","Yan Matejko nima bilan mashhur?","Був композитором","He was an artist","U Polsha qiroli edi.","Был композитором","Был астрономом","He was the King of Poland.","U rassom edi","Чим відомий Ян Матейко?","Astronomem","Kompozytorem","6a5b4a4130ee48091b30f294","2026-07-18T09:41:21.417000","2026-07-18T09:41:21.417000","6932c1a5cee41be4b8ef3e6a","mirkhakimadashaliev@gmail.com","false"
"Переміг у битві під Грюнвальдом","Чем прославился Николай Коперник?","Створив геліоцентричну систему світу","B","Posted by ""Pan Tadeusz""","Z czego zasłynął Mikołaj Kopernik?","Создал гелиоцентрическую систему мира","U Polshaning birinchi prezidenti edi.","Победил в битве под Грюнвальдом","""Pan Tadeusz"" tomonidan joylashtirildi","He was the first president of Poland.","Stworzył heliocentryczny system świata","Wygrał bitwę pod Grunwaldem","What was Nicolaus Copernicus famous for?","Був першим президентом Польщі","Nikolay Kopernik nima bilan mashhur bo'lgan?","Написав «Пан Тадеуш»","Created a heliocentric system of the world","Grunvald jangida g'alaba qozondi","Написал «Пан Тадеуш»","Был первым президентом Польши","Won the Battle of Grunwald","Dunyoning geliotsentrik tizimini yaratdi","Чим уславився Микола Коперник?","Był pierwszym prezydentem Polski.","Napisał ""Pana Tadeusza""","6a5b4a4130ee48091b30f295","2026-07-18T09:41:21.417000","2026-07-18T09:41:21.417000","6932c1a5cee41be4b8ef3e6a","mirkhakimadashaliev@gmail.com","false"
"Ян III Собеський","С каким королём связано выражение «Застал Польшу деревянной, а оставил каменной»?","Казимир III Великий","B","Boleslav the Brave","Który król ""zastał polskę drewnianą a zostawił murowaną""?","Казимир III Великий","Vladislav Loketek","Ян III Собеский","Boleslav Jasur","Vladislav Loketek","Kazimierz III Wielki","Jan III Sobieski","Which king is associated with the expression ""He found Poland wooden and left it stone""?","Владислав Локетек","""U Polshani yog'ochdan topdi va toshdan qoldirdi"" iborasi qaysi qirol bilan bog'liq?","Болеслав Хоробрий","Casimir III the Great","Yanvar III Sobieski","Болеслав Храбрый","Владислав Локетек","Jan III Sobieski","Buyuk Kazimir III","З яким королем пов'язаний вислів «Застав Польщу дерев'яною, а залишив кам'яною»?","Władysław Łokietek","Bolesław Chrobry","6a5b4a4130ee48091b30f296","2026-07-18T09:41:21.417000","2026-07-18T09:41:21.417000","6932c1a5cee41be4b8ef3e6a","mirkhakimadashaliev@gmail.com","false"
"Переміг під Віднем","Чем известен Казимир III Великий?","Провів реформи та активно розвивав будівництво міст та замків","B","Accepted the baptism of Poland","Z czego słynął Kazimierz III Wielki?","Провёл реформы и активно развивал строительство городов и замков","Yagellon sulolasiga asos solgan","Победил под Веной","Polshaning suvga cho'mishini qabul qildi","Founded the Jagiellonian dynasty","Przeprowadził reformy i aktywnie rozwijał budowę miast i zamków","Zwycięstwo w Wiedniu","What is Casimir III the Great famous for?","Заснував династію Ягеллонів","Buyuk Kazimir III nima bilan mashhur?","Прийняв хрещення Польщі","He carried out reforms and actively developed the construction of cities and castles","Vena shahrida g'alaba qozondi","Принял крещение Польши","Основал династию Ягеллонов","Victorious at Vienna","U islohotlar o'tkazdi va shaharlar va qal'alar qurilishini faol rivojlantirdi","Чим відомий Казимир ІІІ Великий?","Założyciel dynastii Jagiellonów","Przyjął chrzest Polski","6a5b4a4130ee48091b30f297","2026-07-18T09:41:21.417000","2026-07-18T09:41:21.417000","6932c1a5cee41be4b8ef3e6a","mirkhakimadashaliev@gmail.com","false"
"Повстання козаків","Что называют «Шведским потопом»?","Війну між Польщею та Швецією 1655–1660 років","B","Flooding in Sweden","Co nazywa się ""potopem szwedzkim""?","Войну между Польшей и Швецией 1655–1660 годов","Boltiq dengizidagi dengiz jangi","Восстание казаков","Shvetsiyada suv toshqini","Naval battle in the Baltic","Wojna między Polską a Szwecją 1655–1660","Powstanie Kozackie","What is called the ""Swedish Flood""?","Морська битва на Балтиці","""Shvetsiya suv toshqini"" nima deb ataladi?","Повінь у Швеції","War between Poland and Sweden 1655–1660","Kazaklar qo'zg'oloni","Наводнение в Швеции","Морское сражение на Балтике","Cossack Uprising","Polsha va Shvetsiya o'rtasidagi urush 1655–1660","Що називають ""Шведським потопом""?","Bitwa morska na Bałtyku","Powódź w Szwecji","6a5b4a4130ee48091b30f298","2026-07-18T09:41:21.417000","2026-07-18T09:41:21.417000","6932c1a5cee41be4b8ef3e6a","mirkhakimadashaliev@gmail.com","false"
"1795 рік","Когда произошёл Первый раздел Речи Посполитой?","1791 рік","A","1772","Kiedy nastąpił I rozbiór Rzeczypospolitej Obojga Narodów?","1791 год","1793-yil","1795 год","1772-yil","1793","1791","1795","When did the First Partition of the Polish-Lithuanian Commonwealth occur?","1793 рік","Polsha-Litva Hamdo'stligining birinchi bo'linishi qachon sodir bo'lgan?","1772 рік","1791","1795-yil","1772 год","1793 год","1795","1791-yil","Коли відбувся Перший поділ Речі Посполитої?","1793","1772","6a5b4a4130ee48091b30f299","2026-07-18T09:41:21.417000","2026-07-18T09:41:21.417000","6932c1a5cee41be4b8ef3e6a","mirkhakimadashaliev@gmail.com","false"
"Росія, Швеція та Данія","Какие государства участвовали в разделах Польши?","Росія, Пруссія та Австрія","B","France, Spain, England","Które państwa brały udział w rozbiorach Polski?","Россия, Пруссия и Австрия","Germaniya, Italiya va Turkiya","Россия, Швеция и Дания","Fransiya, Ispaniya, Angliya","Germany, Italy and Türkiye","Rosja, Prusy i Austria","Rosja, Szwecja i Dania","Which states participated in the partitions of Poland?","Німеччина, Італія та Туреччина","Polshaning bo'linishida qaysi davlatlar ishtirok etgan?","Франція, Іспанія, Англія","Russia, Prussia and Austria","Rossiya, Shvetsiya va Daniya","Франция, Испания, Англия","Германия, Италия и Турция","Russia, Sweden and Denmark","Rossiya, Prussiya va Avstriya","Які держави брали участь у розділах Польщі?","Niemcy, Włochy i Turcja","Francja, Hiszpania, Anglia","6a5b4a4130ee48091b30f29a","2026-07-18T09:41:21.417000","2026-07-18T09:41:21.417000","6932c1a5cee41be4b8ef3e6a","mirkhakimadashaliev@gmail.com","false"
"Казимир III Великий","Кто был последним королём Польши?","Станіслав Август Понятовський","B","Jan III Sobieski","Kto był ostatnim królem Polski?","Станислав Август Понятовский","Vladislav Yagiello","Казимир III Великий","Yanvar III Sobieski","Vladislav Jagiello","Stanisław August Poniatowski","Kazimierz III Wielki","Who was the last king of Poland?","Владислав Ягайло","Polshaning oxirgi qiroli kim bo'lgan?","Ян III Собеський","Stanislav August Poniatowski","Buyuk Kazimir III","Ян III Собеский","Владислав Ягайло","Casimir III the Great","Stanislav Avgust Poniatovskiy","Хто був останнім королем Польщі?","Władysław Jagiełło","Jan III Sobieski","6a5b4a4130ee48091b30f29b","2026-07-18T09:41:21.417000","2026-07-18T09:41:21.417000","6932c1a5cee41be4b8ef3e6a","mirkhakimadashaliev@gmail.com","false"